timestamp,machine_id,temperature,vibration,pressure,rpm,failure_within_days
2025-01-01T00:00:00,Machine 1,63.13,1.655,97.20,1781.3,29
2025-01-01T01:00:00,Machine 1,63.84,1.683,98.23,1788.2,31
2025-01-01T02:00:00,Machine 1,64.23,1.821,98.80,1791.9,31
2025-01-01T03:00:00,Machine 1,64.30,1.952,98.89,1792.5,31
2025-01-01T04:00:00,Machine 1,63.37,2.289,97.47,1782.9,30
2025-01-01T05:00:00,Machine 1,66.98,1.781,102.86,1818.9,30
2025-01-01T06:00:00,Machine 1,65.36,2.374,100.41,1802.5,30
2025-01-01T07:00:00,Machine 1,66.26,2.149,101.73,1811.3,31
2025-01-01T08:00:00,Machine 1,66.74,2.139,102.43,1815.9,28
2025-01-01T09:00:00,Machine 1,63.96,2.507,98.24,1787.9,30
2025-01-01T10:00:00,Machine 1,66.76,1.875,102.42,1815.7,28
2025-01-01T11:00:00,Machine 1,65.05,1.522,99.84,1798.5,30
2025-01-01T12:00:00,Machine 1,66.89,2.175,102.57,1816.6,31
2025-01-01T13:00:00,Machine 1,66.24,2.242,101.57,1809.9,29
2025-01-01T14:00:00,Machine 1,64.42,1.534,98.83,1791.6,28
2025-01-01T15:00:00,Machine 1,66.17,1.553,101.42,1808.9,30
2025-01-01T16:00:00,Machine 1,64.04,1.633,98.21,1787.4,29
2025-01-01T17:00:00,Machine 1,63.52,2.504,97.41,1782.0,31
2025-01-01T18:00:00,Machine 1,63.66,1.915,97.60,1783.2,30
2025-01-01T19:00:00,Machine 1,65.69,1.947,100.62,1803.3,30
2025-01-01T20:00:00,Machine 1,66.32,1.791,101.55,1809.5,30
2025-01-01T21:00:00,Machine 1,64.19,2.487,98.32,1787.9,30
2025-01-01T22:00:00,Machine 1,63.61,2.374,97.43,1782.0,31
2025-01-01T23:00:00,Machine 1,63.78,2.296,97.67,1783.5,29
2025-01-02T00:00:00,Machine 1,66.52,1.646,101.75,1810.7,31
2025-01-02T01:00:00,Machine 1,63.55,2.492,97.27,1780.8,28
2025-01-02T02:00:00,Machine 1,67.16,1.647,102.68,1816.8,30
2025-01-02T03:00:00,Machine 1,64.70,2.125,98.95,1791.9,28
2025-01-02T04:00:00,Machine 1,65.05,2.391,99.47,1795.3,30
2025-01-02T05:00:00,Machine 1,65.59,2.170,100.24,1800.4,30
2025-01-02T06:00:00,Machine 1,65.21,2.307,99.66,1796.5,30
2025-01-02T07:00:00,Machine 1,65.48,1.570,100.04,1799.0,29
2025-01-02T08:00:00,Machine 1,64.66,2.182,98.78,1790.6,29
2025-01-02T09:00:00,Machine 1,65.31,1.759,99.74,1796.9,29
2025-01-02T10:00:00,Machine 1,64.52,2.026,98.53,1788.8,30
2025-01-02T11:00:00,Machine 1,64.76,1.670,98.87,1791.0,30
2025-01-02T12:00:00,Machine 1,66.84,1.825,101.97,1811.6,29
2025-01-02T13:00:00,Machine 1,63.61,2.113,97.11,1779.2,29
2025-01-02T14:00:00,Machine 1,65.92,2.134,100.55,1802.1,28
2025-01-02T15:00:00,Machine 1,65.99,1.802,100.63,1802.6,31
2025-01-02T16:00:00,Machine 1,66.85,2.256,101.90,1811.0,29
2025-01-02T17:00:00,Machine 1,67.20,2.475,102.40,1814.3,28
2025-01-02T18:00:00,Machine 1,64.87,2.509,98.88,1790.8,30
2025-01-02T19:00:00,Machine 1,63.83,2.319,97.30,1780.2,31
2025-01-02T20:00:00,Machine 1,63.94,2.271,97.44,1781.1,28
2025-01-02T21:00:00,Machine 1,66.18,1.721,100.79,1803.4,28
2025-01-02T22:00:00,Machine 1,63.94,2.317,97.40,1780.8,30
2025-01-02T23:00:00,Machine 1,67.31,1.709,102.43,1814.3,30
2025-01-03T00:00:00,Machine 1,66.67,1.999,101.45,1807.7,30
2025-01-03T01:00:00,Machine 1,63.87,2.566,97.23,1779.5,29
2025-01-03T02:00:00,Machine 1,66.92,2.160,101.79,1809.8,31
2025-01-03T03:00:00,Machine 1,65.53,2.537,99.69,1795.8,30
2025-01-03T04:00:00,Machine 1,65.99,1.688,100.34,1800.1,28
2025-01-03T05:00:00,Machine 1,66.75,2.388,101.46,1807.5,31
2025-01-03T06:00:00,Machine 1,64.98,1.752,98.78,1789.6,28
2025-01-03T07:00:00,Machine 1,63.92,2.032,97.18,1778.9,31
2025-01-03T08:00:00,Machine 1,65.71,1.786,99.83,1796.6,30
2025-01-03T09:00:00,Machine 1,64.62,2.128,98.18,1785.5,28
2025-01-03T10:00:00,Machine 1,65.32,2.071,99.21,1792.3,31
2025-01-03T11:00:00,Machine 1,67.08,2.373,101.82,1809.7,29
2025-01-03T12:00:00,Machine 1,64.65,1.717,98.16,1785.2,27
2025-01-03T13:00:00,Machine 1,67.04,1.618,101.72,1808.9,28
2025-01-03T14:00:00,Machine 1,65.43,2.360,99.30,1792.7,29
2025-01-03T15:00:00,Machine 1,63.88,2.312,96.94,1777.0,29
2025-01-03T16:00:00,Machine 1,67.32,2.004,102.09,1811.2,28
2025-01-03T17:00:00,Machine 1,66.12,1.970,100.26,1799.0,27
2025-01-03T18:00:00,Machine 1,65.65,1.626,99.54,1794.2,29
2025-01-03T19:00:00,Machine 1,64.83,2.529,98.28,1785.7,29
2025-01-03T20:00:00,Machine 1,67.16,2.409,101.75,1808.8,30
2025-01-03T21:00:00,Machine 1,67.59,2.574,102.37,1812.9,29
2025-01-03T22:00:00,Machine 1,64.54,1.642,97.78,1782.3,28
2025-01-03T23:00:00,Machine 1,63.99,1.696,96.94,1776.6,31
2025-01-04T00:00:00,Machine 1,65.32,2.045,98.91,1789.7,27
2025-01-04T01:00:00,Machine 1,65.05,2.101,98.49,1786.9,30
2025-01-04T02:00:00,Machine 1,66.79,2.037,101.07,1804.0,27
2025-01-04T03:00:00,Machine 1,65.89,1.837,99.69,1794.8,29
2025-01-04T04:00:00,Machine 1,66.22,2.076,100.17,1797.9,29
2025-01-04T05:00:00,Machine 1,66.71,1.634,100.89,1802.7,31
2025-01-04T06:00:00,Machine 1,65.61,2.225,99.22,1791.5,29
2025-01-04T07:00:00,Machine 1,65.03,1.886,98.32,1785.5,30
2025-01-04T08:00:00,Machine 1,64.17,2.482,97.01,1776.7,29
2025-01-04T09:00:00,Machine 1,64.12,2.247,96.90,1776.0,30
2025-01-04T10:00:00,Machine 1,66.85,1.707,100.98,1803.1,28
2025-01-04T11:00:00,Machine 1,65.47,1.806,98.89,1789.2,27
2025-01-04T12:00:00,Machine 1,66.29,2.431,100.10,1797.2,28
2025-01-04T13:00:00,Machine 1,67.03,2.273,101.18,1804.4,28
2025-01-04T14:00:00,Machine 1,65.93,1.768,99.52,1793.2,30
2025-01-04T15:00:00,Machine 1,65.85,1.892,99.37,1792.2,29
2025-01-04T16:00:00,Machine 1,67.45,1.657,101.75,1808.0,31
2025-01-04T17:00:00,Machine 1,67.70,1.761,102.10,1810.3,30
2025-01-04T18:00:00,Machine 1,66.34,2.634,100.04,1796.5,27
2025-01-04T19:00:00,Machine 1,64.23,2.157,96.85,1775.2,30
2025-01-04T20:00:00,Machine 1,65.55,2.157,98.81,1788.2,28
2025-01-04T21:00:00,Machine 1,64.63,1.945,97.41,1778.8,30
2025-01-04T22:00:00,Machine 1,66.86,1.915,100.74,1801.0,28
2025-01-04T23:00:00,Machine 1,65.64,2.548,98.88,1788.6,28
2025-01-05T00:00:00,Machine 1,64.77,2.284,97.55,1779.7,27
2025-01-05T01:00:00,Machine 1,67.86,1.748,102.17,1810.4,29
2025-01-05T02:00:00,Machine 1,66.65,2.445,100.33,1798.1,30
2025-01-05T03:00:00,Machine 1,65.73,2.366,98.93,1788.8,30
2025-01-05T04:00:00,Machine 1,64.71,2.164,97.38,1778.4,28
2025-01-05T05:00:00,Machine 1,66.76,2.165,100.43,1798.7,28
2025-01-05T06:00:00,Machine 1,66.45,1.867,99.94,1795.3,27
2025-01-05T07:00:00,Machine 1,65.99,2.019,99.23,1790.6,30
2025-01-05T08:00:00,Machine 1,64.66,2.577,97.21,1777.1,27
2025-01-05T09:00:00,Machine 1,66.39,2.509,99.80,1794.3,28
2025-01-05T10:00:00,Machine 1,65.82,1.697,98.91,1788.3,30
2025-01-05T11:00:00,Machine 1,67.35,1.840,101.18,1803.4,31
2025-01-05T12:00:00,Machine 1,67.20,2.334,100.94,1801.8,29
2025-01-05T13:00:00,Machine 1,64.56,1.759,96.96,1775.2,30
2025-01-05T14:00:00,Machine 1,67.37,1.828,101.14,1803.0,28
2025-01-05T15:00:00,Machine 1,67.50,1.707,101.32,1804.2,31
2025-01-05T16:00:00,Machine 1,66.44,2.229,99.72,1793.4,27
2025-01-05T17:00:00,Machine 1,65.77,2.377,98.68,1786.5,30
2025-01-05T18:00:00,Machine 1,68.13,1.850,102.21,1810.0,30
2025-01-05T19:00:00,Machine 1,66.98,1.807,100.46,1798.3,29
2025-01-05T20:00:00,Machine 1,64.36,1.737,96.50,1771.8,27
2025-01-05T21:00:00,Machine 1,65.79,2.619,98.63,1786.0,28
2025-01-05T22:00:00,Machine 1,65.07,2.438,97.52,1778.5,27
2025-01-05T23:00:00,Machine 1,66.54,2.186,99.71,1793.1,27
2025-01-06T00:00:00,Machine 1,65.07,2.056,97.47,1778.2,29
2025-01-06T01:00:00,Machine 1,67.71,2.416,101.42,1804.4,30
2025-01-06T02:00:00,Machine 1,64.27,1.882,96.24,1769.9,30
2025-01-06T03:00:00,Machine 1,66.13,2.124,99.01,1788.3,29
2025-01-06T04:00:00,Machine 1,66.26,1.884,99.18,1789.3,30
2025-01-06T05:00:00,Machine 1,67.63,2.167,101.22,1802.9,27
2025-01-06T06:00:00,Machine 1,64.52,2.253,96.52,1771.5,29
2025-01-06T07:00:00,Machine 1,64.35,1.827,96.25,1769.7,28
2025-01-06T08:00:00,Machine 1,65.21,1.807,97.52,1778.1,27
2025-01-06T09:00:00,Machine 1,67.24,1.749,100.54,1798.2,30
2025-01-06T10:00:00,Machine 1,65.75,2.428,98.28,1783.1,30
2025-01-06T11:00:00,Machine 1,68.31,2.375,102.10,1808.6,29
2025-01-06T12:00:00,Machine 1,67.01,2.402,100.13,1795.4,29
2025-01-06T13:00:00,Machine 1,66.19,1.954,98.87,1786.9,29
2025-01-06T14:00:00,Machine 1,64.45,2.287,96.25,1769.4,27
2025-01-06T15:00:00,Machine 1,67.33,2.341,100.55,1798.0,30
2025-01-06T16:00:00,Machine 1,68.25,2.210,101.89,1807.0,29
2025-01-06T17:00:00,Machine 1,65.57,2.431,97.86,1780.0,29
2025-01-06T18:00:00,Machine 1,66.59,2.454,99.37,1790.0,29
2025-01-06T19:00:00,Machine 1,66.10,2.234,98.61,1784.9,27
2025-01-06T20:00:00,Machine 1,67.33,1.951,100.44,1797.1,27
2025-01-06T21:00:00,Machine 1,67.73,1.899,101.01,1800.9,30
2025-01-06T22:00:00,Machine 1,67.36,2.662,100.44,1797.0,28
2025-01-06T23:00:00,Machine 1,67.28,2.037,100.29,1796.0,29
2025-01-07T00:00:00,Machine 1,65.00,2.072,96.86,1773.0,28
2025-01-07T01:00:00,Machine 1,66.12,2.265,98.50,1784.0,30
2025-01-07T02:00:00,Machine 1,66.80,2.011,99.51,1790.7,31
2025-01-07T03:00:00,Machine 1,65.55,2.217,97.61,1778.0,30
2025-01-07T04:00:00,Machine 1,67.89,2.318,101.10,1801.2,29
2025-01-07T05:00:00,Machine 1,67.44,2.489,100.40,1796.5,28
2025-01-07T06:00:00,Machine 1,67.02,1.803,99.75,1792.1,28
2025-01-07T07:00:00,Machine 1,66.23,1.768,98.54,1784.0,29
2025-01-07T08:00:00,Machine 1,67.52,1.777,100.46,1796.7,27
2025-01-07T09:00:00,Machine 1,64.78,2.293,96.32,1769.1,29
2025-01-07T10:00:00,Machine 1,66.58,2.557,99.00,1786.9,30
2025-01-07T11:00:00,Machine 1,64.66,2.619,96.10,1767.5,30
2025-01-07T12:00:00,Machine 1,65.75,2.511,97.71,1778.2,27
2025-01-07T13:00:00,Machine 1,67.36,2.484,100.10,1794.1,28
2025-01-07T14:00:00,Machine 1,65.91,1.959,97.91,1779.5,29
2025-01-07T15:00:00,Machine 1,67.21,2.400,99.83,1792.2,28
2025-01-07T16:00:00,Machine 1,68.18,2.012,101.27,1801.8,30
2025-01-07T17:00:00,Machine 1,65.56,2.540,97.31,1775.4,29
2025-01-07T18:00:00,Machine 1,65.20,2.040,96.75,1771.6,27
2025-01-07T19:00:00,Machine 1,67.91,1.777,100.80,1798.6,27
2025-01-07T20:00:00,Machine 1,64.90,2.230,96.27,1768.3,29
2025-01-07T21:00:00,Machine 1,66.62,2.288,98.82,1785.2,30
2025-01-07T22:00:00,Machine 1,68.21,2.537,101.18,1800.9,28
2025-01-07T23:00:00,Machine 1,65.57,2.718,97.20,1774.4,27
2025-01-08T00:00:00,Machine 1,64.79,2.274,96.01,1766.4,27
2025-01-08T01:00:00,Machine 1,68.66,2.753,101.79,1804.9,27
2025-01-08T02:00:00,Machine 1,67.58,2.163,100.15,1793.9,28
2025-01-08T03:00:00,Machine 1,67.13,1.991,99.45,1789.2,29
2025-01-08T04:00:00,Machine 1,67.67,2.469,100.25,1794.5,27
2025-01-08T05:00:00,Machine 1,65.62,1.796,97.15,1773.8,27
2025-01-08T06:00:00,Machine 1,64.91,2.580,96.05,1766.4,27
2025-01-08T07:00:00,Machine 1,66.00,2.132,97.67,1777.2,28
2025-01-08T08:00:00,Machine 1,68.23,2.026,100.99,1799.3,30
2025-01-08T09:00:00,Machine 1,68.40,1.833,101.22,1800.8,29
2025-01-08T10:00:00,Machine 1,68.37,2.250,101.16,1800.3,28
2025-01-08T11:00:00,Machine 1,66.45,2.349,98.26,1780.9,27
2025-01-08T12:00:00,Machine 1,66.30,2.144,98.02,1779.3,29
2025-01-08T13:00:00,Machine 1,68.31,1.984,101.01,1799.2,30
2025-01-08T14:00:00,Machine 1,68.11,2.247,100.68,1797.0,27
2025-01-08T15:00:00,Machine 1,67.61,2.104,99.91,1791.8,28
2025-01-08T16:00:00,Machine 1,67.96,2.480,100.42,1795.1,29
2025-01-08T17:00:00,Machine 1,66.57,2.189,98.31,1781.0,28
2025-01-08T18:00:00,Machine 1,66.69,1.932,98.47,1782.0,30
2025-01-08T19:00:00,Machine 1,65.01,2.788,95.93,1765.1,28
2025-01-08T20:00:00,Machine 1,66.25,1.846,97.77,1777.3,27
2025-01-08T21:00:00,Machine 1,67.22,2.346,99.19,1786.7,28
2025-01-08T22:00:00,Machine 1,68.12,2.086,100.53,1795.6,28
2025-01-08T23:00:00,Machine 1,67.40,2.811,99.43,1788.2,28
2025-01-09T00:00:00,Machine 1,68.20,2.313,100.60,1796.0,27
2025-01-09T01:00:00,Machine 1,67.42,2.071,99.42,1788.1,26
2025-01-09T02:00:00,Machine 1,67.37,1.885,99.30,1787.3,29
2025-01-09T03:00:00,Machine 1,65.49,2.813,96.48,1768.4,28
2025-01-09T04:00:00,Machine 1,65.41,2.637,96.33,1767.4,29
2025-01-09T05:00:00,Machine 1,66.97,2.338,98.65,1782.8,27
2025-01-09T06:00:00,Machine 1,68.48,1.966,100.89,1797.7,28
2025-01-09T07:00:00,Machine 1,66.45,2.743,97.82,1777.2,27
2025-01-09T08:00:00,Machine 1,65.27,2.511,96.03,1765.2,29
2025-01-09T09:00:00,Machine 1,65.46,2.681,96.29,1766.9,29
2025-01-09T10:00:00,Machine 1,65.56,2.476,96.43,1767.8,27
2025-01-09T11:00:00,Machine 1,66.70,2.003,98.11,1778.9,28
2025-01-09T12:00:00,Machine 1,65.78,2.269,96.71,1769.6,29
2025-01-09T13:00:00,Machine 1,69.02,1.886,101.55,1801.8,30
2025-01-09T14:00:00,Machine 1,67.71,2.486,99.56,1788.5,30
2025-01-09T15:00:00,Machine 1,66.57,2.280,97.83,1776.9,28
2025-01-09T16:00:00,Machine 1,68.95,2.322,101.37,1800.5,26
2025-01-09T17:00:00,Machine 1,66.54,2.705,97.75,1776.3,28
2025-01-09T18:00:00,Machine 1,66.43,2.693,97.54,1774.9,29
2025-01-09T19:00:00,Machine 1,66.18,2.255,97.15,1772.2,28
2025-01-09T20:00:00,Machine 1,67.80,2.327,99.56,1788.2,29
2025-01-09T21:00:00,Machine 1,67.21,2.578,98.65,1782.1,27
2025-01-09T22:00:00,Machine 1,67.64,2.419,99.29,1786.3,30
2025-01-09T23:00:00,Machine 1,68.60,2.180,100.70,1795.7,29
2025-01-10T00:00:00,Machine 1,68.21,1.949,100.09,1791.6,26
2025-01-10T01:00:00,Machine 1,65.86,2.631,96.54,1767.9,28
2025-01-10T02:00:00,Machine 1,67.37,2.281,98.79,1782.8,29
2025-01-10T03:00:00,Machine 1,67.61,2.275,99.13,1785.1,27
2025-01-10T04:00:00,Machine 1,68.07,1.941,99.79,1789.4,27
2025-01-10T05:00:00,Machine 1,66.09,2.204,96.80,1769.5,29
2025-01-10T06:00:00,Machine 1,65.43,1.991,95.79,1762.7,30
2025-01-10T07:00:00,Machine 1,68.16,2.044,99.86,1789.8,28
2025-01-10T08:00:00,Machine 1,67.43,2.108,98.74,1782.3,29
2025-01-10T09:00:00,Machine 1,65.39,2.309,95.66,1761.7,28
2025-01-10T10:00:00,Machine 1,66.54,2.224,97.37,1773.0,30
2025-01-10T11:00:00,Machine 1,67.98,2.323,99.50,1787.2,27
2025-01-10T12:00:00,Machine 1,68.24,2.649,99.88,1789.7,30
2025-01-10T13:00:00,Machine 1,66.42,2.739,97.12,1771.2,27
2025-01-10T14:00:00,Machine 1,66.67,2.305,97.48,1773.6,26
2025-01-10T15:00:00,Machine 1,67.76,2.624,99.09,1784.3,27
2025-01-10T16:00:00,Machine 1,66.57,1.994,97.28,1772.2,27
2025-01-10T17:00:00,Machine 1,65.74,2.805,96.02,1763.8,28
2025-01-10T18:00:00,Machine 1,66.29,2.262,96.82,1769.0,30
2025-01-10T19:00:00,Machine 1,67.95,2.284,99.28,1785.4,27
2025-01-10T20:00:00,Machine 1,66.77,2.522,97.49,1773.4,28
2025-01-10T21:00:00,Machine 1,67.94,2.832,99.23,1785.0,30
2025-01-10T22:00:00,Machine 1,67.26,1.914,98.18,1778.0,26
2025-01-10T23:00:00,Machine 1,68.86,2.324,100.56,1793.8,27
2025-01-11T00:00:00,Machine 1,67.30,2.615,98.21,1778.0,28
2025-01-11T01:00:00,Machine 1,68.92,1.948,100.61,1794.0,26
2025-01-11T02:00:00,Machine 1,67.14,1.937,97.91,1776.0,26
2025-01-11T03:00:00,Machine 1,67.65,2.220,98.66,1780.9,29
2025-01-11T04:00:00,Machine 1,69.14,2.628,100.87,1795.7,28
2025-01-11T05:00:00,Machine 1,67.95,2.181,99.06,1783.5,26
2025-01-11T06:00:00,Machine 1,66.95,2.370,97.55,1773.4,27
2025-01-11T07:00:00,Machine 1,69.03,2.251,100.63,1793.9,27
2025-01-11T08:00:00,Machine 1,66.23,2.836,96.42,1765.8,26
2025-01-11T09:00:00,Machine 1,65.65,2.455,95.53,1759.8,28
2025-01-11T10:00:00,Machine 1,69.26,2.194,100.92,1795.7,28
2025-01-11T11:00:00,Machine 1,66.26,2.569,96.40,1765.6,26
2025-01-11T12:00:00,Machine 1,67.40,2.710,98.09,1776.8,26
2025-01-11T13:00:00,Machine 1,65.88,2.378,95.79,1761.4,28
2025-01-11T14:00:00,Machine 1,67.47,2.124,98.15,1777.1,27
2025-01-11T15:00:00,Machine 1,67.24,2.742,97.78,1774.6,28
2025-01-11T16:00:00,Machine 1,68.35,2.140,99.42,1785.5,29
2025-01-11T17:00:00,Machine 1,66.59,2.479,96.77,1767.7,26
2025-01-11T18:00:00,Machine 1,68.36,2.723,99.39,1785.2,29
2025-01-11T19:00:00,Machine 1,67.15,2.878,97.57,1773.0,29
2025-01-11T20:00:00,Machine 1,68.24,2.007,99.18,1783.7,29
2025-01-11T21:00:00,Machine 1,67.75,2.488,98.41,1778.5,30
2025-01-11T22:00:00,Machine 1,66.16,2.578,96.00,1762.4,28
2025-01-11T23:00:00,Machine 1,68.24,2.468,99.10,1783.1,27
2025-01-12T00:00:00,Machine 1,67.32,2.929,97.71,1773.7,28
2025-01-12T01:00:00,Machine 1,66.90,2.059,97.06,1769.4,30
2025-01-12T02:00:00,Machine 1,68.28,2.052,99.10,1782.9,30
2025-01-12T03:00:00,Machine 1,66.74,2.845,96.77,1767.4,29
2025-01-12T04:00:00,Machine 1,66.38,2.731,96.21,1763.5,28
2025-01-12T05:00:00,Machine 1,68.16,2.757,98.86,1781.2,29
2025-01-12T06:00:00,Machine 1,67.33,2.550,97.59,1772.7,26
2025-01-12T07:00:00,Machine 1,69.09,2.303,100.20,1790.1,27
2025-01-12T08:00:00,Machine 1,69.40,2.037,100.65,1793.0,27
2025-01-12T09:00:00,Machine 1,67.26,2.521,97.42,1771.4,30
2025-01-12T10:00:00,Machine 1,69.65,2.942,100.98,1795.1,27
2025-01-12T11:00:00,Machine 1,68.22,2.490,98.82,1780.7,29
2025-01-12T12:00:00,Machine 1,67.56,2.656,97.80,1773.9,26
2025-01-12T13:00:00,Machine 1,67.12,2.107,97.12,1769.2,29
2025-01-12T14:00:00,Machine 1,69.53,2.809,100.72,1793.2,29
2025-01-12T15:00:00,Machine 1,66.58,2.933,96.27,1763.5,26
2025-01-12T16:00:00,Machine 1,66.97,2.586,96.83,1767.2,28
2025-01-12T17:00:00,Machine 1,67.39,2.169,97.43,1771.2,27
2025-01-12T18:00:00,Machine 1,67.08,2.722,96.95,1767.9,29
2025-01-12T19:00:00,Machine 1,67.31,2.778,97.28,1770.1,29
2025-01-12T20:00:00,Machine 1,66.76,2.086,96.42,1764.3,28
2025-01-12T21:00:00,Machine 1,66.02,2.377,95.30,1756.8,29
2025-01-12T22:00:00,Machine 1,67.55,2.801,97.57,1771.9,28
2025-01-12T23:00:00,Machine 1,69.49,2.790,100.45,1791.1,26
2025-01-13T00:00:00,Machine 1,67.41,2.859,97.31,1770.1,29
2025-01-13T01:00:00,Machine 1,66.95,2.467,96.60,1765.3,28
2025-01-13T02:00:00,Machine 1,69.73,2.682,100.75,1792.9,27
2025-01-13T03:00:00,Machine 1,66.43,2.469,95.78,1759.8,27
2025-01-13T04:00:00,Machine 1,66.10,2.891,95.26,1756.2,26
2025-01-13T05:00:00,Machine 1,67.22,2.014,96.92,1767.2,28
2025-01-13T06:00:00,Machine 1,69.62,2.614,100.50,1791.1,29
2025-01-13T07:00:00,Machine 1,66.80,2.943,96.25,1762.7,28
2025-01-13T08:00:00,Machine 1,69.02,2.618,99.55,1784.7,30
2025-01-13T09:00:00,Machine 1,66.16,2.251,95.24,1755.9,29
2025-01-13T10:00:00,Machine 1,69.36,2.603,100.02,1787.7,29
2025-01-13T11:00:00,Machine 1,69.69,2.391,100.50,1790.9,29
2025-01-13T12:00:00,Machine 1,66.33,2.033,95.44,1757.1,27
2025-01-13T13:00:00,Machine 1,66.24,2.516,95.28,1756.0,29
2025-01-13T14:00:00,Machine 1,68.07,2.163,98.00,1774.1,28
2025-01-13T15:00:00,Machine 1,66.74,2.604,95.98,1760.6,29
2025-01-13T16:00:00,Machine 1,67.14,2.083,96.57,1764.4,27
2025-01-13T17:00:00,Machine 1,69.09,2.406,99.46,1783.7,28
2025-01-13T18:00:00,Machine 1,67.07,2.282,96.42,1763.4,26
2025-01-13T19:00:00,Machine 1,68.85,2.523,99.06,1780.9,28
2025-01-13T20:00:00,Machine 1,68.98,2.542,99.23,1782.1,28
2025-01-13T21:00:00,Machine 1,69.59,2.197,100.12,1787.9,27
2025-01-13T22:00:00,Machine 1,67.67,2.023,97.23,1768.6,28
2025-01-13T23:00:00,Machine 1,69.84,2.325,100.46,1790.1,26
2025-01-14T00:00:00,Machine 1,68.78,2.317,98.84,1779.3,27
2025-01-14T01:00:00,Machine 1,68.54,2.972,98.47,1776.7,29
2025-01-14T02:00:00,Machine 1,66.39,2.069,95.21,1755.0,28
2025-01-14T03:00:00,Machine 1,66.39,2.728,95.19,1754.8,28
2025-01-14T04:00:00,Machine 1,69.85,2.307,100.36,1789.2,28
2025-01-14T05:00:00,Machine 1,68.50,2.501,98.31,1775.5,29
2025-01-14T06:00:00,Machine 1,67.87,2.322,97.36,1769.1,27
2025-01-14T07:00:00,Machine 1,67.23,2.750,96.37,1762.5,29
2025-01-14T08:00:00,Machine 1,66.48,2.642,95.22,1754.8,28
2025-01-14T09:00:00,Machine 1,68.15,2.336,97.71,1771.3,27
2025-01-14T10:00:00,Machine 1,68.25,2.451,97.83,1772.1,27
2025-01-14T11:00:00,Machine 1,67.32,2.648,96.41,1762.6,26
2025-01-14T12:00:00,Machine 1,66.54,2.970,95.22,1754.6,28
2025-01-14T13:00:00,Machine 1,69.31,2.791,99.36,1782.2,26
2025-01-14T14:00:00,Machine 1,70.22,2.750,100.70,1791.1,26
2025-01-14T15:00:00,Machine 1,69.27,2.566,99.25,1781.4,28
2025-01-14T16:00:00,Machine 1,69.18,2.368,99.10,1780.3,26
2025-01-14T17:00:00,Machine 1,67.93,2.861,97.20,1767.7,29
2025-01-14T18:00:00,Machine 1,66.69,2.726,95.32,1755.0,27
2025-01-14T19:00:00,Machine 1,67.94,2.766,97.18,1767.4,27
2025-01-14T20:00:00,Machine 1,67.37,2.552,96.29,1761.5,29
2025-01-14T21:00:00,Machine 1,67.28,2.596,96.13,1760.3,26
2025-01-14T22:00:00,Machine 1,68.14,2.386,97.40,1768.8,26
2025-01-14T23:00:00,Machine 1,67.87,2.118,96.98,1765.9,26
2025-01-15T00:00:00,Machine 1,69.07,2.470,98.75,1777.7,25
2025-01-15T01:00:00,Machine 1,70.49,2.996,100.87,1791.7,26
2025-01-15T02:00:00,Machine 1,68.92,2.383,98.49,1775.9,29
2025-01-15T03:00:00,Machine 1,69.69,2.760,99.63,1783.4,25
2025-01-15T04:00:00,Machine 1,66.85,2.077,95.34,1754.8,26
2025-01-15T05:00:00,Machine 1,70.13,2.349,100.24,1787.4,27
2025-01-15T06:00:00,Machine 1,68.80,2.790,98.22,1773.9,29
2025-01-15T07:00:00,Machine 1,67.22,2.101,95.83,1757.9,29
2025-01-15T08:00:00,Machine 1,68.82,2.162,98.21,1773.7,28
2025-01-15T09:00:00,Machine 1,70.30,2.882,100.40,1788.3,27
2025-01-15T10:00:00,Machine 1,70.26,2.828,100.32,1787.7,28
2025-01-15T11:00:00,Machine 1,69.67,2.940,99.41,1781.6,29
2025-01-15T12:00:00,Machine 1,67.77,2.640,96.54,1762.4,26
2025-01-15T13:00:00,Machine 1,69.70,2.826,99.41,1781.5,27
2025-01-15T14:00:00,Machine 1,68.00,2.698,96.84,1764.3,27
2025-01-15T15:00:00,Machine 1,67.65,2.432,96.30,1760.7,29
2025-01-15T16:00:00,Machine 1,67.83,2.405,96.55,1762.3,26
2025-01-15T17:00:00,Machine 1,69.96,2.960,99.72,1783.4,28
2025-01-15T18:00:00,Machine 1,70.49,2.370,100.49,1788.5,28
2025-01-15T19:00:00,Machine 1,67.24,2.315,95.60,1755.9,27
2025-01-15T20:00:00,Machine 1,70.17,2.894,99.97,1785.0,28
2025-01-15T21:00:00,Machine 1,67.64,2.117,96.15,1759.5,28
2025-01-15T22:00:00,Machine 1,66.81,2.563,94.88,1751.0,26
2025-01-15T23:00:00,Machine 1,68.15,2.559,96.88,1764.2,28
2025-01-16T00:00:00,Machine 1,68.76,2.170,97.76,1770.1,27
2025-01-16T01:00:00,Machine 1,68.44,2.631,97.26,1766.7,27
2025-01-16T02:00:00,Machine 1,70.17,2.561,99.83,1783.8,29
2025-01-16T03:00:00,Machine 1,69.42,2.809,98.69,1776.2,27
2025-01-16T04:00:00,Machine 1,68.04,2.528,96.59,1762.1,27
2025-01-16T05:00:00,Machine 1,67.20,2.553,95.32,1753.6,26
2025-01-16T06:00:00,Machine 1,68.00,2.415,96.49,1761.3,28
2025-01-16T07:00:00,Machine 1,69.03,2.465,98.02,1771.5,25
2025-01-16T08:00:00,Machine 1,70.47,2.425,100.16,1785.7,27
2025-01-16T09:00:00,Machine 1,69.88,2.265,99.24,1779.6,28
2025-01-16T10:00:00,Machine 1,70.59,2.913,100.29,1786.5,28
2025-01-16T11:00:00,Machine 1,68.56,2.679,97.22,1766.0,28
2025-01-16T12:00:00,Machine 1,66.91,2.482,94.72,1749.3,26
2025-01-16T13:00:00,Machine 1,68.45,2.508,97.01,1764.5,28
2025-01-16T14:00:00,Machine 1,69.15,2.791,98.05,1771.4,26
2025-01-16T15:00:00,Machine 1,67.24,2.710,95.16,1752.1,29
2025-01-16T16:00:00,Machine 1,70.05,2.787,99.35,1780.0,27
2025-01-16T17:00:00,Machine 1,70.86,2.555,100.54,1787.9,29
2025-01-16T18:00:00,Machine 1,70.16,2.886,99.47,1780.7,26
2025-01-16T19:00:00,Machine 1,69.90,3.113,99.06,1777.9,28
2025-01-16T20:00:00,Machine 1,70.60,2.207,100.08,1784.7,26
2025-01-16T21:00:00,Machine 1,69.47,2.142,98.37,1773.3,26
2025-01-16T22:00:00,Machine 1,69.76,2.484,98.79,1776.0,28
2025-01-16T23:00:00,Machine 1,70.79,2.252,100.30,1786.0,28
2025-01-17T00:00:00,Machine 1,67.09,2.504,94.74,1748.9,25
2025-01-17T01:00:00,Machine 1,67.47,2.180,95.29,1752.5,29
2025-01-17T02:00:00,Machine 1,67.65,2.569,95.54,1754.2,29
2025-01-17T03:00:00,Machine 1,67.30,2.324,94.98,1750.4,29
2025-01-17T04:00:00,Machine 1,68.45,2.508,96.69,1761.8,29
2025-01-17T05:00:00,Machine 1,69.35,2.564,98.02,1770.6,26
2025-01-17T06:00:00,Machine 1,69.39,2.624,98.06,1770.8,27
2025-01-17T07:00:00,Machine 1,70.87,2.784,100.25,1785.4,29
2025-01-17T08:00:00,Machine 1,70.75,3.143,100.06,1784.0,25
2025-01-17T09:00:00,Machine 1,70.91,3.132,100.28,1785.5,25
2025-01-17T10:00:00,Machine 1,68.45,2.652,96.56,1760.7,27
2025-01-17T11:00:00,Machine 1,67.98,2.849,95.83,1755.7,27
2025-01-17T12:00:00,Machine 1,67.71,2.933,95.41,1752.9,28
2025-01-17T13:00:00,Machine 1,70.82,3.159,100.04,1783.7,27
2025-01-17T14:00:00,Machine 1,67.90,2.646,95.64,1754.3,26
2025-01-17T15:00:00,Machine 1,70.63,2.610,99.72,1781.5,28
2025-01-17T16:00:00,Machine 1,70.51,2.256,99.51,1780.1,28
2025-01-17T17:00:00,Machine 1,71.14,3.120,100.44,1786.2,26
2025-01-17T18:00:00,Machine 1,70.70,3.036,99.76,1781.6,25
2025-01-17T19:00:00,Machine 1,69.46,2.340,97.88,1769.1,28
2025-01-17T20:00:00,Machine 1,70.29,2.456,99.10,1777.2,28
2025-01-17T21:00:00,Machine 1,70.91,2.578,100.01,1783.2,25
2025-01-17T22:00:00,Machine 1,69.13,2.552,97.31,1765.2,26
2025-01-17T23:00:00,Machine 1,69.35,2.612,97.63,1767.2,26
2025-01-18T00:00:00,Machine 1,69.04,2.757,97.14,1763.9,27
2025-01-18T01:00:00,Machine 1,70.17,2.298,98.81,1775.0,27
2025-01-18T02:00:00,Machine 1,71.15,2.333,100.26,1784.7,27
2025-01-18T03:00:00,Machine 1,69.73,2.560,98.10,1770.2,26
2025-01-18T04:00:00,Machine 1,69.59,2.724,97.87,1768.7,27
2025-01-18T05:00:00,Machine 1,67.76,2.383,95.11,1750.2,27
2025-01-18T06:00:00,Machine 1,69.30,3.158,97.40,1765.4,25
2025-01-18T07:00:00,Machine 1,68.20,2.497,95.72,1754.2,28
2025-01-18T08:00:00,Machine 1,67.42,2.746,94.52,1746.2,28
2025-01-18T09:00:00,Machine 1,69.74,2.872,97.99,1769.2,27
2025-01-18T10:00:00,Machine 1,68.84,2.643,96.61,1760.0,29
2025-01-18T11:00:00,Machine 1,69.05,2.515,96.91,1761.9,29
2025-01-18T12:00:00,Machine 1,67.55,2.453,94.63,1746.7,26
2025-01-18T13:00:00,Machine 1,70.22,2.327,98.63,1773.3,26
2025-01-18T14:00:00,Machine 1,71.25,2.820,100.15,1783.4,26
2025-01-18T15:00:00,Machine 1,70.41,3.129,98.86,1774.8,28
2025-01-18T16:00:00,Machine 1,68.08,2.967,95.34,1751.3,28
2025-01-18T17:00:00,Machine 1,70.73,2.876,99.30,1777.6,26
2025-01-18T18:00:00,Machine 1,71.16,2.620,99.92,1781.7,26
2025-01-18T19:00:00,Machine 1,70.65,2.885,99.14,1776.5,28
2025-01-18T20:00:00,Machine 1,71.41,2.715,100.25,1783.8,28
2025-01-18T21:00:00,Machine 1,71.25,3.167,100.00,1782.1,28
2025-01-18T22:00:00,Machine 1,69.22,2.670,96.92,1761.6,26
2025-01-18T23:00:00,Machine 1,70.53,3.197,98.87,1774.5,29
2025-01-19T00:00:00,Machine 1,71.08,2.374,99.67,1779.8,28
2025-01-19T01:00:00,Machine 1,68.93,2.263,96.42,1758.1,26
2025-01-19T02:00:00,Machine 1,69.41,2.405,97.12,1762.7,26
2025-01-19T03:00:00,Machine 1,70.10,2.784,98.14,1769.5,27
2025-01-19T04:00:00,Machine 1,70.85,2.563,99.23,1776.7,28
2025-01-19T05:00:00,Machine 1,71.03,2.387,99.49,1778.4,26
2025-01-19T06:00:00,Machine 1,69.03,2.976,96.47,1758.2,25
2025-01-19T07:00:00,Machine 1,70.44,2.704,98.56,1772.1,27
2025-01-19T08:00:00,Machine 1,71.30,2.900,99.82,1780.5,26
2025-01-19T09:00:00,Machine 1,70.69,2.451,98.90,1774.3,26
2025-01-19T10:00:00,Machine 1,69.00,2.477,96.33,1757.1,29
2025-01-19T11:00:00,Machine 1,68.38,3.049,95.37,1750.7,25
2025-01-19T12:00:00,Machine 1,70.65,3.135,98.77,1773.3,27
2025-01-19T13:00:00,Machine 1,68.35,2.275,95.29,1750.0,27
2025-01-19T14:00:00,Machine 1,68.64,2.406,95.70,1752.7,29
2025-01-19T15:00:00,Machine 1,71.16,3.034,99.45,1777.7,28
2025-01-19T16:00:00,Machine 1,69.58,2.790,97.06,1761.8,26
2025-01-19T17:00:00,Machine 1,68.33,2.998,95.17,1749.1,27
2025-01-19T18:00:00,Machine 1,71.13,2.499,99.35,1776.9,25
2025-01-19T19:00:00,Machine 1,70.33,2.718,98.12,1768.7,26
2025-01-19T20:00:00,Machine 1,68.00,2.774,94.61,1745.2,26
2025-01-19T21:00:00,Machine 1,69.03,3.153,96.14,1755.4,27
2025-01-19T22:00:00,Machine 1,69.33,2.486,96.56,1758.2,26
2025-01-19T23:00:00,Machine 1,68.54,2.719,95.36,1750.1,27
2025-01-20T00:00:00,Machine 1,67.87,2.294,94.33,1743.2,25
2025-01-20T01:00:00,Machine 1,71.04,2.409,99.06,1774.7,27
2025-01-20T02:00:00,Machine 1,69.57,2.399,96.84,1759.9,25
2025-01-20T03:00:00,Machine 1,69.11,3.026,96.12,1755.0,26
2025-01-20T04:00:00,Machine 1,70.40,3.093,98.03,1767.7,29
2025-01-20T05:00:00,Machine 1,69.96,2.491,97.35,1763.2,28
2025-01-20T06:00:00,Machine 1,71.49,2.663,99.63,1778.3,25
2025-01-20T07:00:00,Machine 1,68.69,2.372,95.40,1750.1,26
2025-01-20T08:00:00,Machine 1,69.66,2.994,96.84,1759.6,26
2025-01-20T09:00:00,Machine 1,68.49,2.298,95.06,1747.7,27
2025-01-20T10:00:00,Machine 1,69.26,3.136,96.20,1755.3,27
2025-01-20T11:00:00,Machine 1,69.78,2.735,96.95,1760.2,25
2025-01-20T12:00:00,Machine 1,71.09,2.834,98.90,1773.2,26
2025-01-20T13:00:00,Machine 1,68.64,2.924,95.21,1748.5,25
2025-01-20T14:00:00,Machine 1,70.94,2.668,98.63,1771.3,28
2025-01-20T15:00:00,Machine 1,71.07,2.673,98.80,1772.4,26
2025-01-20T16:00:00,Machine 1,70.95,3.049,98.61,1771.0,28
2025-01-20T17:00:00,Machine 1,71.16,2.522,98.90,1773.0,25
2025-01-20T18:00:00,Machine 1,68.59,2.367,95.01,1747.0,27
2025-01-20T19:00:00,Machine 1,69.91,3.177,96.98,1760.1,26
2025-01-20T20:00:00,Machine 1,70.65,3.114,98.07,1767.3,28
2025-01-20T21:00:00,Machine 1,70.14,3.282,97.28,1762.0,26
2025-01-20T22:00:00,Machine 1,69.67,2.656,96.55,1757.1,25
2025-01-20T23:00:00,Machine 1,68.92,3.030,95.40,1749.4,28
2025-01-21T00:00:00,Machine 1,68.68,3.256,95.01,1746.8,28
2025-01-21T01:00:00,Machine 1,69.87,2.732,96.79,1758.6,27
2025-01-21T02:00:00,Machine 1,70.80,2.938,98.16,1767.6,25
2025-01-21T03:00:00,Machine 1,71.71,2.563,99.50,1776.5,27
2025-01-21T04:00:00,Machine 1,71.71,2.578,99.48,1776.3,26
2025-01-21T05:00:00,Machine 1,68.25,2.426,94.27,1741.6,26
2025-01-21T06:00:00,Machine 1,70.60,2.466,97.77,1764.9,28
2025-01-21T07:00:00,Machine 1,70.27,2.382,97.26,1761.4,27
2025-01-21T08:00:00,Machine 1,68.63,3.162,94.77,1744.8,27
2025-01-21T09:00:00,Machine 1,68.96,2.931,95.25,1747.9,28
2025-01-21T10:00:00,Machine 1,71.40,2.767,98.88,1772.1,27
2025-01-21T11:00:00,Machine 1,70.27,2.987,97.16,1760.6,26
2025-01-21T12:00:00,Machine 1,70.96,3.277,98.18,1767.3,27
2025-01-21T13:00:00,Machine 1,69.03,2.937,95.27,1747.9,28
2025-01-21T14:00:00,Machine 1,71.04,3.187,98.26,1767.8,26
2025-01-21T15:00:00,Machine 1,68.43,3.322,94.32,1741.5,25
2025-01-21T16:00:00,Machine 1,69.60,3.232,96.05,1753.0,27
2025-01-21T17:00:00,Machine 1,70.29,2.584,97.07,1759.7,26
2025-01-21T18:00:00,Machine 1,70.35,2.878,97.13,1760.1,25
2025-01-21T19:00:00,Machine 1,68.88,2.565,94.91,1745.3,28
2025-01-21T20:00:00,Machine 1,69.11,2.514,95.23,1747.4,26
2025-01-21T21:00:00,Machine 1,68.72,2.990,94.63,1743.3,28
2025-01-21T22:00:00,Machine 1,71.38,2.774,98.60,1769.7,28
2025-01-21T23:00:00,Machine 1,70.73,2.806,97.59,1763.0,28
2025-01-22T00:00:00,Machine 1,71.49,3.119,98.71,1770.4,26
2025-01-22T01:00:00,Machine 1,71.92,2.496,99.33,1774.5,26
2025-01-22T02:00:00,Machine 1,70.80,3.110,97.64,1763.2,28
2025-01-22T03:00:00,Machine 1,69.16,2.503,95.15,1746.5,26
2025-01-22T04:00:00,Machine 1,70.35,2.398,96.91,1758.2,27
2025-01-22T05:00:00,Machine 1,69.07,2.603,94.97,1745.3,28
2025-01-22T06:00:00,Machine 1,69.29,3.270,95.28,1747.3,28
2025-01-22T07:00:00,Machine 1,71.27,3.276,98.23,1766.9,26
2025-01-22T08:00:00,Machine 1,71.45,2.410,98.47,1768.5,27
2025-01-22T09:00:00,Machine 1,70.15,2.929,96.50,1755.3,25
2025-01-22T10:00:00,Machine 1,69.82,3.301,95.98,1751.8,27
2025-01-22T11:00:00,Machine 1,71.36,2.874,98.28,1767.1,25
2025-01-22T12:00:00,Machine 1,71.95,3.312,99.14,1772.8,25
2025-01-22T13:00:00,Machine 1,68.93,2.828,94.58,1742.3,26
2025-01-22T14:00:00,Machine 1,68.45,2.987,93.84,1737.4,27
2025-01-22T15:00:00,Machine 1,71.65,2.716,98.62,1769.2,27
2025-01-22T16:00:00,Machine 1,70.42,2.726,96.75,1756.7,28
2025-01-22T17:00:00,Machine 1,71.48,2.851,98.32,1767.1,25
2025-01-22T18:00:00,Machine 1,68.89,3.227,94.42,1741.1,28
2025-01-22T19:00:00,Machine 1,70.43,2.935,96.70,1756.2,26
2025-01-22T20:00:00,Machine 1,71.15,2.635,97.77,1763.3,27
2025-01-22T21:00:00,Machine 1,70.18,2.970,96.28,1753.4,26
2025-01-22T22:00:00,Machine 1,70.28,2.781,96.42,1754.2,25
2025-01-22T23:00:00,Machine 1,70.61,2.453,96.89,1757.3,24
2025-01-23T00:00:00,Machine 1,71.19,2.389,97.73,1762.9,26
2025-01-23T01:00:00,Machine 1,70.77,2.600,97.08,1758.5,27
2025-01-23T02:00:00,Machine 1,72.28,2.613,99.32,1773.4,26
2025-01-23T03:00:00,Machine 1,68.62,3.297,93.82,1736.7,27
2025-01-23T04:00:00,Machine 1,71.34,2.633,97.87,1763.6,25
2025-01-23T05:00:00,Machine 1,71.92,3.172,98.73,1769.3,25
2025-01-23T06:00:00,Machine 1,69.09,3.168,94.45,1740.8,27
2025-01-23T07:00:00,Machine 1,69.56,2.545,95.13,1745.3,28
2025-01-23T08:00:00,Machine 1,70.74,3.070,96.88,1756.9,25
2025-01-23T09:00:00,Machine 1,71.37,3.285,97.80,1763.0,27
2025-01-23T10:00:00,Machine 1,69.38,2.864,94.81,1743.0,25
2025-01-23T11:00:00,Machine 1,72.57,3.356,99.56,1774.6,27
2025-01-23T12:00:00,Machine 1,69.38,2.493,94.76,1742.5,24
2025-01-23T13:00:00,Machine 1,69.11,2.739,94.32,1739.6,25
2025-01-23T14:00:00,Machine 1,69.20,3.360,94.45,1740.4,26
2025-01-23T15:00:00,Machine 1,69.80,3.057,95.33,1746.2,27
2025-01-23T16:00:00,Machine 1,69.80,3.370,95.30,1746.0,28
2025-01-23T17:00:00,Machine 1,70.97,3.213,97.04,1757.6,27
2025-01-23T18:00:00,Machine 1,68.80,3.404,93.75,1735.6,24
2025-01-23T19:00:00,Machine 1,70.95,3.263,96.97,1757.0,27
2025-01-23T20:00:00,Machine 1,70.01,3.306,95.52,1747.3,26
2025-01-23T21:00:00,Machine 1,72.31,2.569,98.95,1770.1,24
2025-01-23T22:00:00,Machine 1,72.69,3.127,99.51,1773.8,25
2025-01-23T23:00:00,Machine 1,69.58,2.970,94.82,1742.5,26
2025-01-24T00:00:00,Machine 1,70.28,2.685,95.85,1749.3,28
2025-01-24T01:00:00,Machine 1,71.71,2.558,97.97,1763.4,27
2025-01-24T02:00:00,Machine 1,71.79,3.313,98.06,1764.0,25
2025-01-24T03:00:00,Machine 1,71.25,2.890,97.23,1758.4,28
2025-01-24T04:00:00,Machine 1,72.78,3.118,99.51,1773.6,28
2025-01-24T05:00:00,Machine 1,72.66,2.463,99.31,1772.2,28
2025-01-24T06:00:00,Machine 1,71.52,2.812,97.58,1760.6,28
2025-01-24T07:00:00,Machine 1,69.13,2.740,93.97,1736.5,26
2025-01-24T08:00:00,Machine 1,70.31,3.142,95.72,1748.1,24
2025-01-24T09:00:00,Machine 1,72.58,2.499,99.09,1770.6,27
2025-01-24T10:00:00,Machine 1,72.28,2.939,98.63,1767.5,26
2025-01-24T11:00:00,Machine 1,69.40,2.731,94.29,1738.5,25
2025-01-24T12:00:00,Machine 1,72.60,2.953,99.06,1770.2,28
2025-01-24T13:00:00,Machine 1,72.37,3.368,98.69,1767.7,26
2025-01-24T14:00:00,Machine 1,70.13,2.725,95.31,1745.1,26
2025-01-24T15:00:00,Machine 1,70.62,3.368,96.02,1749.9,27
2025-01-24T16:00:00,Machine 1,71.61,2.494,97.49,1759.6,26
2025-01-24T17:00:00,Machine 1,70.55,3.095,95.88,1748.8,25
2025-01-24T18:00:00,Machine 1,70.66,2.581,96.03,1749.8,26
2025-01-24T19:00:00,Machine 1,70.44,2.602,95.67,1747.3,25
2025-01-24T20:00:00,Machine 1,72.75,3.054,99.12,1770.3,27
2025-01-24T21:00:00,Machine 1,71.70,2.772,97.51,1759.5,28
2025-01-24T22:00:00,Machine 1,69.55,3.144,94.27,1737.9,26
2025-01-24T23:00:00,Machine 1,71.48,2.774,97.14,1757.0,25
2025-01-25T00:00:00,Machine 1,70.93,2.509,96.29,1751.3,27
2025-01-25T01:00:00,Machine 1,69.22,2.885,93.71,1734.0,26
2025-01-25T02:00:00,Machine 1,70.99,2.989,96.34,1751.5,27
2025-01-25T03:00:00,Machine 1,69.20,3.049,93.64,1733.5,28
2025-01-25T04:00:00,Machine 1,70.95,2.562,96.23,1750.7,25
2025-01-25T05:00:00,Machine 1,70.75,2.894,95.91,1748.5,26
2025-01-25T06:00:00,Machine 1,72.98,3.039,99.24,1770.7,26
2025-01-25T07:00:00,Machine 1,72.04,3.421,97.81,1761.1,25
2025-01-25T08:00:00,Machine 1,72.20,3.030,98.03,1762.5,27
2025-01-25T09:00:00,Machine 1,73.07,2.816,99.30,1771.0,26
2025-01-25T10:00:00,Machine 1,69.73,2.802,94.27,1737.4,25
2025-01-25T11:00:00,Machine 1,69.60,3.073,94.06,1735.9,26
2025-01-25T12:00:00,Machine 1,72.68,3.358,98.65,1766.5,25
2025-01-25T13:00:00,Machine 1,69.84,3.421,94.38,1738.0,24
2025-01-25T14:00:00,Machine 1,70.85,2.604,95.87,1747.9,24
2025-01-25T15:00:00,Machine 1,71.24,3.181,96.43,1751.6,25
2025-01-25T16:00:00,Machine 1,70.99,3.054,96.04,1748.9,26
2025-01-25T17:00:00,Machine 1,72.26,2.521,97.92,1761.4,27
2025-01-25T18:00:00,Machine 1,72.49,2.928,98.23,1763.5,28
2025-01-25T19:00:00,Machine 1,72.40,2.720,98.09,1762.5,27
2025-01-25T20:00:00,Machine 1,70.46,2.993,95.15,1742.8,26
2025-01-25T21:00:00,Machine 1,70.04,3.317,94.49,1738.4,26
2025-01-25T22:00:00,Machine 1,72.81,2.597,98.63,1766.0,25
2025-01-25T23:00:00,Machine 1,69.48,2.639,93.62,1732.5,26
2025-01-26T00:00:00,Machine 1,72.04,3.484,97.44,1757.9,26
2025-01-26T01:00:00,Machine 1,70.49,3.199,95.09,1742.2,24
2025-01-26T02:00:00,Machine 1,70.01,3.042,94.35,1737.2,28
2025-01-26T03:00:00,Machine 1,72.60,3.343,98.21,1762.9,24
2025-01-26T04:00:00,Machine 1,72.98,3.322,98.75,1766.5,24
2025-01-26T05:00:00,Machine 1,71.53,2.630,96.56,1751.8,26
2025-01-26T06:00:00,Machine 1,72.02,3.444,97.28,1756.6,27
2025-01-26T07:00:00,Machine 1,72.32,3.140,97.70,1759.4,25
2025-01-26T08:00:00,Machine 1,71.09,2.556,95.83,1746.9,27
2025-01-26T09:00:00,Machine 1,69.85,2.576,93.95,1734.3,25
2025-01-26T10:00:00,Machine 1,72.66,3.165,98.14,1762.2,26
2025-01-26T11:00:00,Machine 1,71.67,3.417,96.64,1752.1,26
2025-01-26T12:00:00,Machine 1,71.98,2.708,97.08,1755.0,25
2025-01-26T13:00:00,Machine 1,72.19,2.692,97.37,1756.9,25
2025-01-26T14:00:00,Machine 1,73.15,3.082,98.79,1766.3,26
2025-01-26T15:00:00,Machine 1,69.86,2.958,93.83,1733.3,26
2025-01-26T16:00:00,Machine 1,71.81,2.878,96.74,1752.6,27
2025-01-26T17:00:00,Machine 1,70.85,3.011,95.28,1742.8,24
2025-01-26T18:00:00,Machine 1,69.96,2.611,93.92,1733.7,26
2025-01-26T19:00:00,Machine 1,70.67,3.134,94.97,1740.6,27
2025-01-26T20:00:00,Machine 1,69.70,3.116,93.49,1730.8,27
2025-01-26T21:00:00,Machine 1,70.31,3.105,94.38,1736.6,24
2025-01-26T22:00:00,Machine 1,70.88,2.620,95.21,1742.2,25
2025-01-26T23:00:00,Machine 1,72.02,3.046,96.90,1753.4,25
2025-01-27T00:00:00,Machine 1,69.56,2.563,93.19,1728.6,25
2025-01-27T01:00:00,Machine 1,71.47,3.318,96.03,1747.5,26
2025-01-27T02:00:00,Machine 1,70.80,2.880,95.01,1740.6,26
2025-01-27T03:00:00,Machine 1,69.63,3.336,93.23,1728.7,24
2025-01-27T04:00:00,Machine 1,70.98,3.471,95.24,1742.1,26
2025-01-27T05:00:00,Machine 1,71.83,3.407,96.49,1750.4,27
2025-01-27T06:00:00,Machine 1,70.55,3.242,94.54,1737.4,27
2025-01-27T07:00:00,Machine 1,71.64,2.997,96.16,1748.1,26
2025-01-27T08:00:00,Machine 1,72.43,2.602,97.32,1755.8,24
2025-01-27T09:00:00,Machine 1,69.79,2.645,93.35,1729.3,25
2025-01-27T10:00:00,Machine 1,72.99,2.559,98.12,1761.0,27
2025-01-27T11:00:00,Machine 1,72.33,3.537,97.10,1754.2,24
2025-01-27T12:00:00,Machine 1,70.93,3.365,94.98,1740.0,27
2025-01-27T13:00:00,Machine 1,72.81,2.653,97.78,1758.7,24
2025-01-27T14:00:00,Machine 1,73.16,2.604,98.28,1762.0,25
2025-01-27T15:00:00,Machine 1,72.06,2.601,96.61,1750.8,25
2025-01-27T16:00:00,Machine 1,70.03,3.323,93.54,1730.3,24
2025-01-27T17:00:00,Machine 1,70.83,2.813,94.72,1738.1,24
2025-01-27T18:00:00,Machine 1,71.61,3.073,95.87,1745.7,24
2025-01-27T19:00:00,Machine 1,70.04,3.171,93.50,1729.8,25
2025-01-27T20:00:00,Machine 1,72.78,3.227,97.58,1757.0,26
2025-01-27T21:00:00,Machine 1,70.26,2.774,93.78,1731.6,24
2025-01-27T22:00:00,Machine 1,71.03,3.281,94.91,1739.2,27
2025-01-27T23:00:00,Machine 1,71.94,2.960,96.25,1748.1,26
2025-01-28T00:00:00,Machine 1,70.42,3.471,93.96,1732.7,25
2025-01-28T01:00:00,Machine 1,70.10,2.787,93.45,1729.3,26
2025-01-28T02:00:00,Machine 1,72.97,3.445,97.73,1757.8,27
2025-01-28T03:00:00,Machine 1,72.01,3.233,96.27,1748.0,25
2025-01-28T04:00:00,Machine 1,72.71,3.530,97.30,1754.8,27
2025-01-28T05:00:00,Machine 1,72.71,2.650,97.28,1754.7,24
2025-01-28T06:00:00,Machine 1,69.85,2.601,92.97,1725.9,26
2025-01-28T07:00:00,Machine 1,72.31,2.992,96.64,1750.3,27
2025-01-28T08:00:00,Machine 1,73.70,3.216,98.69,1764.0,24
2025-01-28T09:00:00,Machine 1,70.94,3.402,94.53,1736.2,24
2025-01-28T10:00:00,Machine 1,71.57,2.618,95.47,1742.4,27
2025-01-28T11:00:00,Machine 1,70.91,2.943,94.45,1735.5,27
2025-01-28T12:00:00,Machine 1,73.30,2.673,98.01,1759.2,26
2025-01-28T13:00:00,Machine 1,72.63,3.420,96.99,1752.4,26
2025-01-28T14:00:00,Machine 1,69.95,3.231,92.95,1725.4,26
2025-01-28T15:00:00,Machine 1,73.22,2.892,97.83,1757.9,27
2025-01-28T16:00:00,Machine 1,71.66,3.529,95.46,1742.1,26
2025-01-28T17:00:00,Machine 1,71.95,2.718,95.88,1744.9,27
2025-01-28T18:00:00,Machine 1,73.13,3.572,97.63,1756.5,24
2025-01-28T19:00:00,Machine 1,73.91,3.087,98.77,1764.0,27
2025-01-28T20:00:00,Machine 1,71.69,3.328,95.42,1741.6,24
2025-01-28T21:00:00,Machine 1,72.50,2.708,96.61,1749.6,26
2025-01-28T22:00:00,Machine 1,72.70,2.975,96.90,1751.4,25
2025-01-28T23:00:00,Machine 1,72.09,3.271,95.95,1745.1,27
2025-01-29T00:00:00,Machine 1,71.52,2.786,95.08,1739.2,27
2025-01-29T01:00:00,Machine 1,72.45,2.710,96.46,1748.3,25
2025-01-29T02:00:00,Machine 1,70.77,3.358,93.91,1731.3,24
2025-01-29T03:00:00,Machine 1,73.96,3.136,98.67,1763.0,25
2025-01-29T04:00:00,Machine 1,71.73,2.861,95.31,1740.6,23
2025-01-29T05:00:00,Machine 1,72.13,2.777,95.88,1744.3,24
2025-01-29T06:00:00,Machine 1,71.72,3.485,95.25,1740.1,27
2025-01-29T07:00:00,Machine 1,72.85,2.682,96.92,1751.2,24
2025-01-29T08:00:00,Machine 1,70.74,3.614,93.74,1729.9,26
2025-01-29T09:00:00,Machine 1,70.16,3.228,92.85,1723.9,24
2025-01-29T10:00:00,Machine 1,72.24,3.327,95.94,1744.5,25
2025-01-29T11:00:00,Machine 1,70.81,2.674,93.78,1730.1,26
2025-01-29T12:00:00,Machine 1,73.54,2.814,97.85,1757.2,25
2025-01-29T13:00:00,Machine 1,73.36,2.855,97.56,1755.2,24
2025-01-29T14:00:00,Machine 1,71.50,3.063,94.74,1736.3,23
2025-01-29T15:00:00,Machine 1,71.34,3.092,94.49,1734.6,25
2025-01-29T16:00:00,Machine 1,72.68,3.028,96.47,1747.8,26
2025-01-29T17:00:00,Machine 1,73.60,2.724,97.82,1756.8,25
2025-01-29T18:00:00,Machine 1,70.50,2.698,93.15,1725.6,24
2025-01-29T19:00:00,Machine 1,72.72,3.576,96.47,1747.7,25
2025-01-29T20:00:00,Machine 1,71.38,2.723,94.43,1734.0,24
2025-01-29T21:00:00,Machine 1,73.63,2.995,97.79,1756.4,24
2025-01-29T22:00:00,Machine 1,73.09,3.046,96.96,1750.8,23
2025-01-29T23:00:00,Machine 1,72.41,2.922,95.92,1743.8,24
2025-01-30T00:00:00,Machine 1,71.84,3.569,95.03,1737.9,24
2025-01-30T01:00:00,Machine 1,70.79,3.481,93.44,1727.2,24
2025-01-30T02:00:00,Machine 1,73.86,3.394,98.02,1757.7,25
2025-01-30T03:00:00,Machine 1,71.78,3.157,94.88,1736.7,26
2025-01-30T04:00:00,Machine 1,73.53,3.550,97.48,1754.1,26
2025-01-30T05:00:00,Machine 1,71.54,2.742,94.47,1733.9,23
2025-01-30T06:00:00,Machine 1,72.59,3.152,96.03,1744.3,24
2025-01-30T07:00:00,Machine 1,71.94,3.314,95.03,1737.6,26
2025-01-30T08:00:00,Machine 1,71.22,3.148,93.92,1730.2,25
2025-01-30T09:00:00,Machine 1,73.43,3.457,97.22,1752.1,26
2025-01-30T10:00:00,Machine 1,71.29,3.078,93.98,1730.5,26
2025-01-30T11:00:00,Machine 1,71.70,3.042,94.59,1734.5,24
2025-01-30T12:00:00,Machine 1,70.73,2.776,93.11,1724.5,25
2025-01-30T13:00:00,Machine 1,70.89,3.393,93.33,1726.0,26
2025-01-30T14:00:00,Machine 1,73.34,2.780,96.98,1750.3,24
2025-01-30T15:00:00,Machine 1,74.28,2.715,98.37,1759.5,24
2025-01-30T16:00:00,Machine 1,71.20,3.458,93.72,1728.5,27
2025-01-30T17:00:00,Machine 1,73.16,2.871,96.64,1747.9,27
2025-01-30T18:00:00,Machine 1,70.96,3.451,93.32,1725.7,25
2025-01-30T19:00:00,Machine 1,70.63,3.497,92.80,1722.2,24
2025-01-30T20:00:00,Machine 1,73.80,2.928,97.54,1753.8,27
2025-01-30T21:00:00,Machine 1,70.78,3.523,92.98,1723.3,26
2025-01-30T22:00:00,Machine 1,72.12,2.720,94.98,1736.6,25
2025-01-30T23:00:00,Machine 1,72.71,3.483,95.84,1742.3,26
2025-01-01T00:00:00,Machine 2,69.54,1.942,107.32,1765.4,30
2025-01-01T01:00:00,Machine 2,66.89,2.060,103.30,1738.6,29
2025-01-01T02:00:00,Machine 2,66.76,1.898,103.08,1737.1,28
2025-01-01T03:00:00,Machine 2,69.26,2.127,106.79,1761.7,30
2025-01-01T04:00:00,Machine 2,69.42,2.610,107.00,1763.1,31
2025-01-01T05:00:00,Machine 2,69.45,1.947,107.02,1763.1,28
2025-01-01T06:00:00,Machine 2,68.98,2.632,106.27,1758.1,29
2025-01-01T07:00:00,Machine 2,68.42,2.303,105.41,1752.3,29
2025-01-01T08:00:00,Machine 2,67.39,2.337,103.82,1741.6,30
2025-01-01T09:00:00,Machine 2,66.53,2.763,102.49,1732.7,29
2025-01-01T10:00:00,Machine 2,68.26,2.578,105.06,1749.7,29
2025-01-01T11:00:00,Machine 2,66.65,2.811,102.61,1733.4,31
2025-01-01T12:00:00,Machine 2,69.22,2.768,106.44,1758.8,30
2025-01-01T13:00:00,Machine 2,69.50,2.761,106.82,1761.3,30
2025-01-01T14:00:00,Machine 2,67.39,1.924,103.62,1739.9,31
2025-01-01T15:00:00,Machine 2,69.02,2.505,106.03,1756.0,27
2025-01-01T16:00:00,Machine 2,68.63,2.067,105.43,1751.8,30
2025-01-01T17:00:00,Machine 2,69.82,1.857,107.17,1763.4,29
2025-01-01T18:00:00,Machine 2,66.77,1.975,102.57,1732.6,28
2025-01-01T19:00:00,Machine 2,67.68,2.448,103.89,1741.4,28
2025-01-01T20:00:00,Machine 2,67.41,1.997,103.46,1738.5,28
2025-01-01T21:00:00,Machine 2,69.07,2.674,105.91,1754.8,31
2025-01-01T22:00:00,Machine 2,66.56,1.931,102.12,1729.4,30
2025-01-01T23:00:00,Machine 2,67.63,1.977,103.69,1739.8,31
2025-01-02T00:00:00,Machine 2,68.59,2.057,105.09,1749.1,29
2025-01-02T01:00:00,Machine 2,69.33,2.789,106.17,1756.2,31
2025-01-02T02:00:00,Machine 2,66.63,2.414,102.09,1729.0,29
2025-01-02T03:00:00,Machine 2,67.62,2.115,103.55,1738.6,30
2025-01-02T04:00:00,Machine 2,67.93,2.034,103.98,1741.5,27
2025-01-02T05:00:00,Machine 2,69.54,2.355,106.36,1757.2,31
2025-01-02T06:00:00,Machine 2,69.59,2.662,106.41,1757.5,28
2025-01-02T07:00:00,Machine 2,66.75,2.372,102.11,1728.8,30
2025-01-02T08:00:00,Machine 2,69.07,2.411,105.56,1751.7,29
2025-01-02T09:00:00,Machine 2,67.30,2.499,102.86,1733.7,28
2025-01-02T10:00:00,Machine 2,68.56,2.059,104.73,1746.1,30
2025-01-02T11:00:00,Machine 2,69.06,2.196,105.43,1750.7,27
2025-01-02T12:00:00,Machine 2,68.02,2.360,103.85,1740.1,28
2025-01-02T13:00:00,Machine 2,68.06,1.912,103.87,1740.2,28
2025-01-02T14:00:00,Machine 2,70.51,2.520,107.52,1764.4,27
2025-01-02T15:00:00,Machine 2,70.10,2.064,106.87,1760.0,29
2025-01-02T16:00:00,Machine 2,70.14,2.846,106.90,1760.2,27
2025-01-02T17:00:00,Machine 2,69.22,2.240,105.48,1750.6,28
2025-01-02T18:00:00,Machine 2,68.47,2.886,104.33,1742.9,27
2025-01-02T19:00:00,Machine 2,67.20,2.367,102.39,1729.9,29
2025-01-02T20:00:00,Machine 2,68.28,2.093,103.98,1740.5,30
2025-01-02T21:00:00,Machine 2,67.65,2.873,103.00,1733.9,28
2025-01-02T22:00:00,Machine 2,67.25,2.283,102.36,1729.5,27
2025-01-02T23:00:00,Machine 2,68.46,2.677,104.15,1741.4,28
2025-01-03T00:00:00,Machine 2,69.39,2.227,105.52,1750.4,28
2025-01-03T01:00:00,Machine 2,68.91,2.651,104.75,1745.3,31
2025-01-03T02:00:00,Machine 2,69.54,2.390,105.67,1751.3,30
2025-01-03T03:00:00,Machine 2,69.85,2.268,106.10,1754.1,28
2025-01-03T04:00:00,Machine 2,67.99,2.896,103.27,1735.2,29
2025-01-03T05:00:00,Machine 2,69.03,2.807,104.80,1745.3,30
2025-01-03T06:00:00,Machine 2,66.93,2.092,101.63,1724.2,29
2025-01-03T07:00:00,Machine 2,70.63,2.054,107.14,1760.9,29
2025-01-03T08:00:00,Machine 2,69.34,1.985,105.17,1747.7,28
2025-01-03T09:00:00,Machine 2,70.36,2.372,106.67,1757.5,29
2025-01-03T10:00:00,Machine 2,70.05,2.256,106.17,1754.2,29
2025-01-03T11:00:00,Machine 2,68.37,2.803,103.62,1737.1,30
2025-01-03T12:00:00,Machine 2,69.55,2.543,105.35,1748.6,28
2025-01-03T13:00:00,Machine 2,68.93,2.894,104.40,1742.2,29
2025-01-03T14:00:00,Machine 2,70.75,2.941,107.10,1760.1,30
2025-01-03T15:00:00,Machine 2,70.08,2.704,106.05,1753.1,28
2025-01-03T16:00:00,Machine 2,70.58,2.189,106.77,1757.8,30
2025-01-03T17:00:00,Machine 2,70.10,2.621,106.01,1752.7,29
2025-01-03T18:00:00,Machine 2,70.60,2.518,106.74,1757.5,28
2025-01-03T19:00:00,Machine 2,68.63,2.923,103.74,1737.4,27
2025-01-03T20:00:00,Machine 2,68.90,2.345,104.12,1739.9,31
2025-01-03T21:00:00,Machine 2,67.20,2.237,101.54,1722.6,31
2025-01-03T22:00:00,Machine 2,69.90,2.041,105.55,1749.3,29
2025-01-03T23:00:00,Machine 2,67.85,2.045,102.44,1728.5,27
2025-01-04T00:00:00,Machine 2,70.18,2.060,105.91,1751.6,29
2025-01-04T01:00:00,Machine 2,67.50,2.436,101.86,1724.5,31
2025-01-04T02:00:00,Machine 2,70.57,2.366,106.43,1754.9,28
2025-01-04T03:00:00,Machine 2,67.23,2.340,101.39,1721.2,29
2025-01-04T04:00:00,Machine 2,68.17,2.704,102.75,1730.3,28
2025-01-04T05:00:00,Machine 2,69.91,2.619,105.34,1747.5,28
2025-01-04T06:00:00,Machine 2,68.60,2.069,103.34,1734.1,29
2025-01-04T07:00:00,Machine 2,69.17,2.802,104.16,1739.4,28
2025-01-04T08:00:00,Machine 2,67.75,2.108,102.00,1725.0,28
2025-01-04T09:00:00,Machine 2,69.69,2.601,104.88,1744.1,29
2025-01-04T10:00:00,Machine 2,67.57,2.151,101.67,1722.7,27
2025-01-04T11:00:00,Machine 2,69.63,2.226,104.72,1742.9,30
2025-01-04T12:00:00,Machine 2,69.51,2.562,104.50,1741.4,28
2025-01-04T13:00:00,Machine 2,70.90,2.211,106.56,1755.1,28
2025-01-04T14:00:00,Machine 2,69.26,2.131,104.06,1738.4,31
2025-01-04T15:00:00,Machine 2,68.05,2.413,102.23,1726.1,28
2025-01-04T16:00:00,Machine 2,70.67,2.777,106.12,1752.0,28
2025-01-04T17:00:00,Machine 2,70.86,2.967,106.37,1753.6,30
2025-01-04T18:00:00,Machine 2,67.99,2.540,102.04,1724.6,30
2025-01-04T19:00:00,Machine 2,69.82,2.806,104.75,1742.6,27
2025-01-04T20:00:00,Machine 2,69.78,2.717,104.64,1741.9,29
2025-01-04T21:00:00,Machine 2,67.52,2.890,101.23,1719.0,29
2025-01-04T22:00:00,Machine 2,69.20,2.307,103.72,1735.6,29
2025-01-04T23:00:00,Machine 2,70.91,2.991,106.25,1752.4,29
2025-01-05T00:00:00,Machine 2,70.13,2.485,105.05,1744.3,29
2025-01-05T01:00:00,Machine 2,68.04,2.777,101.88,1723.1,28
2025-01-05T02:00:00,Machine 2,69.92,2.541,104.66,1741.6,27
2025-01-05T03:00:00,Machine 2,67.91,2.720,101.62,1721.3,29
2025-01-05T04:00:00,Machine 2,68.46,2.626,102.41,1726.5,28
2025-01-05T05:00:00,Machine 2,70.37,2.920,105.24,1745.3,27
2025-01-05T06:00:00,Machine 2,68.99,2.185,103.13,1731.2,27
2025-01-05T07:00:00,Machine 2,71.04,3.000,106.18,1751.4,29
2025-01-05T08:00:00,Machine 2,67.89,2.582,101.42,1719.7,27
2025-01-05T09:00:00,Machine 2,71.62,2.801,106.99,1756.7,29
2025-01-05T10:00:00,Machine 2,67.69,2.171,101.06,1717.1,27
2025-01-05T11:00:00,Machine 2,67.86,2.180,101.28,1718.5,28
2025-01-05T12:00:00,Machine 2,71.10,2.826,106.11,1750.7,29
2025-01-05T13:00:00,Machine 2,70.88,2.230,105.75,1748.2,27
2025-01-05T14:00:00,Machine 2,69.48,2.401,103.61,1733.9,28
2025-01-05T15:00:00,Machine 2,68.02,2.170,101.39,1719.0,27
2025-01-05T16:00:00,Machine 2,68.67,2.748,102.33,1725.2,27
2025-01-05T17:00:00,Machine 2,69.25,2.991,103.16,1730.7,28
2025-01-05T18:00:00,Machine 2,68.97,2.825,102.71,1727.6,28
2025-01-05T19:00:00,Machine 2,70.75,2.279,105.35,1745.2,29
2025-01-05T20:00:00,Machine 2,68.55,2.517,102.02,1722.9,30
2025-01-05T21:00:00,Machine 2,69.34,2.654,103.17,1730.5,30
2025-01-05T22:00:00,Machine 2,68.87,2.536,102.43,1725.5,28
2025-01-05T23:00:00,Machine 2,70.68,2.831,105.11,1743.3,30
2025-01-06T00:00:00,Machine 2,71.05,2.680,105.63,1746.7,27
2025-01-06T01:00:00,Machine 2,70.36,2.874,104.57,1739.5,30
2025-01-06T02:00:00,Machine 2,70.23,2.476,104.34,1738.0,28
2025-01-06T03:00:00,Machine 2,69.04,3.064,102.53,1725.8,28
2025-01-06T04:00:00,Machine 2,67.95,2.388,100.86,1714.6,28
2025-01-06T05:00:00,Machine 2,71.51,2.713,106.17,1750.0,27
2025-01-06T06:00:00,Machine 2,68.12,2.377,101.04,1715.7,29
2025-01-06T07:00:00,Machine 2,68.99,2.956,102.32,1724.2,26
2025-01-06T08:00:00,Machine 2,70.99,2.724,105.28,1743.9,28
2025-01-06T09:00:00,Machine 2,71.27,2.761,105.67,1746.4,28
2025-01-06T10:00:00,Machine 2,71.13,2.982,105.43,1744.7,26
2025-01-06T11:00:00,Machine 2,69.68,2.887,103.23,1730.0,28
2025-01-06T12:00:00,Machine 2,70.81,3.027,104.89,1741.0,29
2025-01-06T13:00:00,Machine 2,70.20,2.995,103.93,1734.6,29
2025-01-06T14:00:00,Machine 2,69.35,2.480,102.62,1725.8,29
2025-01-06T15:00:00,Machine 2,68.68,2.942,101.59,1718.8,30
2025-01-06T16:00:00,Machine 2,71.42,2.766,105.66,1745.9,29
2025-01-06T17:00:00,Machine 2,70.41,2.658,104.13,1735.6,28
2025-01-06T18:00:00,Machine 2,68.41,2.844,101.09,1715.3,28
2025-01-06T19:00:00,Machine 2,69.67,3.090,102.94,1727.6,26
2025-01-06T20:00:00,Machine 2,71.71,2.969,105.97,1747.7,28
2025-01-06T21:00:00,Machine 2,70.90,2.164,104.72,1739.3,30
2025-01-06T22:00:00,Machine 2,70.47,2.379,104.04,1734.8,29
2025-01-06T23:00:00,Machine 2,69.32,2.361,102.29,1723.0,27
2025-01-07T00:00:00,Machine 2,72.17,3.026,106.52,1751.2,28
2025-01-07T01:00:00,Machine 2,69.76,3.108,102.89,1726.9,28
2025-01-07T02:00:00,Machine 2,70.31,2.210,103.68,1732.0,30
2025-01-07T03:00:00,Machine 2,69.11,3.138,101.85,1719.8,26
2025-01-07T04:00:00,Machine 2,70.21,2.917,103.46,1730.5,27
2025-01-07T05:00:00,Machine 2,72.10,2.605,106.26,1749.1,28
2025-01-07T06:00:00,Machine 2,71.38,2.780,105.14,1741.6,26
2025-01-07T07:00:00,Machine 2,71.75,2.740,105.67,1745.1,29
2025-01-07T08:00:00,Machine 2,70.98,2.867,104.48,1737.0,26
2025-01-07T09:00:00,Machine 2,70.87,2.451,104.28,1735.6,27
2025-01-07T10:00:00,Machine 2,70.61,2.681,103.87,1732.8,29
2025-01-07T11:00:00,Machine 2,69.09,3.108,101.55,1717.3,29
2025-01-07T12:00:00,Machine 2,70.55,2.295,103.71,1731.6,28
2025-01-07T13:00:00,Machine 2,71.68,3.181,105.37,1742.6,28
2025-01-07T14:00:00,Machine 2,70.92,2.398,104.19,1734.7,28
2025-01-07T15:00:00,Machine 2,72.45,2.841,106.45,1749.7,29
2025-01-07T16:00:00,Machine 2,70.81,3.032,103.96,1733.1,27
2025-01-07T17:00:00,Machine 2,72.22,2.541,106.04,1746.9,28
2025-01-07T18:00:00,Machine 2,70.53,2.588,103.48,1729.7,29
2025-01-07T19:00:00,Machine 2,69.66,2.554,102.14,1720.8,29
2025-01-07T20:00:00,Machine 2,70.20,2.571,102.92,1725.9,27
2025-01-07T21:00:00,Machine 2,68.67,2.323,100.59,1710.3,28
2025-01-07T22:00:00,Machine 2,70.35,2.668,103.08,1726.9,28
2025-01-07T23:00:00,Machine 2,68.99,2.682,101.00,1712.9,29
2025-01-08T00:00:00,Machine 2,68.80,3.154,100.68,1710.7,30
2025-01-08T01:00:00,Machine 2,72.09,2.500,105.59,1743.4,27
2025-01-08T02:00:00,Machine 2,70.74,2.739,103.53,1729.6,29
2025-01-08T03:00:00,Machine 2,71.69,2.425,104.92,1738.8,27
2025-01-08T04:00:00,Machine 2,70.43,2.919,103.00,1725.9,28
2025-01-08T05:00:00,Machine 2,69.25,2.687,101.20,1713.9,28
2025-01-08T06:00:00,Machine 2,70.84,2.731,103.56,1729.5,28
2025-01-08T07:00:00,Machine 2,71.01,2.589,103.77,1730.8,28
2025-01-08T08:00:00,Machine 2,72.01,2.450,105.24,1740.6,29
2025-01-08T09:00:00,Machine 2,70.19,2.722,102.48,1722.1,29
2025-01-08T10:00:00,Machine 2,71.60,2.408,104.56,1735.9,28
2025-01-08T11:00:00,Machine 2,70.42,2.437,102.76,1723.9,29
2025-01-08T12:00:00,Machine 2,69.47,2.899,101.29,1714.0,27
2025-01-08T13:00:00,Machine 2,69.45,2.314,101.24,1713.6,29
2025-01-08T14:00:00,Machine 2,71.15,2.912,103.75,1730.3,26
2025-01-08T15:00:00,Machine 2,72.72,3.135,106.07,1745.7,29
2025-01-08T16:00:00,Machine 2,71.98,2.531,104.93,1738.1,26
2025-01-08T17:00:00,Machine 2,70.33,2.758,102.43,1721.3,26
2025-01-08T18:00:00,Machine 2,71.18,3.026,103.66,1729.4,30
2025-01-08T19:00:00,Machine 2,72.77,2.360,106.02,1745.1,26
2025-01-08T20:00:00,Machine 2,69.51,2.557,101.09,1712.2,27
2025-01-08T21:00:00,Machine 2,70.96,2.280,103.24,1726.5,26
2025-01-08T22:00:00,Machine 2,69.73,2.664,101.36,1713.8,26
2025-01-08T23:00:00,Machine 2,72.62,3.245,105.66,1742.5,28
2025-01-09T00:00:00,Machine 2,70.25,2.371,102.08,1718.5,28
2025-01-09T01:00:00,Machine 2,72.57,3.151,105.53,1741.5,28
2025-01-09T02:00:00,Machine 2,71.07,2.570,103.24,1726.1,28
2025-01-09T03:00:00,Machine 2,70.66,2.488,102.60,1721.8,28
2025-01-09T04:00:00,Machine 2,70.49,2.368,102.30,1719.8,29
2025-01-09T05:00:00,Machine 2,70.40,3.261,102.13,1718.6,28
2025-01-09T06:00:00,Machine 2,69.60,2.458,100.91,1710.3,26
2025-01-09T07:00:00,Machine 2,69.66,3.158,100.96,1710.6,27
2025-01-09T08:00:00,Machine 2,73.12,2.862,106.12,1745.0,29
2025-01-09T09:00:00,Machine 2,70.60,2.976,102.31,1719.5,29
2025-01-09T10:00:00,Machine 2,69.64,2.979,100.84,1709.6,28
2025-01-09T11:00:00,Machine 2,69.26,2.843,100.23,1705.5,27
2025-01-09T12:00:00,Machine 2,73.07,2.928,105.91,1743.3,27
2025-01-09T13:00:00,Machine 2,72.18,2.402,104.55,1734.2,29
2025-01-09T14:00:00,Machine 2,70.55,2.361,102.07,1717.6,27
2025-01-09T15:00:00,Machine 2,69.64,3.278,100.67,1708.2,26
2025-01-09T16:00:00,Machine 2,69.93,2.324,101.06,1710.8,28
2025-01-09T17:00:00,Machine 2,72.89,2.618,105.47,1740.1,26
2025-01-09T18:00:00,Machine 2,69.74,3.101,100.72,1708.4,26
2025-01-09T19:00:00,Machine 2,72.11,3.085,104.24,1731.7,28
2025-01-09T20:00:00,Machine 2,71.47,3.317,103.25,1725.1,27
2025-01-09T21:00:00,Machine 2,73.03,2.911,105.55,1740.4,27
2025-01-09T22:00:00,Machine 2,70.50,2.471,101.72,1714.8,27
2025-01-09T23:00:00,Machine 2,72.13,3.084,104.15,1730.9,29
2025-01-10T00:00:00,Machine 2,72.15,2.641,104.14,1730.7,28
2025-01-10T01:00:00,Machine 2,72.68,3.156,104.91,1735.8,29
2025-01-10T02:00:00,Machine 2,71.66,2.807,103.34,1725.3,27
2025-01-10T03:00:00,Machine 2,72.64,3.317,104.77,1734.8,27
2025-01-10T04:00:00,Machine 2,70.81,3.164,101.99,1716.2,27
2025-01-10T05:00:00,Machine 2,72.29,3.115,104.18,1730.7,29
2025-01-10T06:00:00,Machine 2,72.87,2.661,105.01,1736.2,28
2025-01-10T07:00:00,Machine 2,73.10,3.060,105.33,1738.3,28
2025-01-10T08:00:00,Machine 2,70.96,2.958,102.09,1716.6,26
2025-01-10T09:00:00,Machine 2,71.95,2.926,103.55,1726.2,26
2025-01-10T10:00:00,Machine 2,69.53,2.645,99.89,1701.8,29
2025-01-10T11:00:00,Machine 2,72.72,2.794,104.63,1733.4,26
2025-01-10T12:00:00,Machine 2,70.74,3.071,101.62,1713.2,25
2025-01-10T13:00:00,Machine 2,71.82,3.372,103.22,1723.8,27
2025-01-10T14:00:00,Machine 2,70.32,2.398,100.93,1708.5,26
2025-01-10T15:00:00,Machine 2,70.68,2.536,101.43,1711.8,28
2025-01-10T16:00:00,Machine 2,70.27,3.290,100.79,1707.4,28
2025-01-10T17:00:00,Machine 2,72.44,3.354,104.02,1728.9,28
2025-01-10T18:00:00,Machine 2,70.26,2.632,100.71,1706.8,29
2025-01-10T19:00:00,Machine 2,72.72,2.927,104.36,1731.1,26
2025-01-10T20:00:00,Machine 2,71.41,2.862,102.36,1717.7,29
2025-01-10T21:00:00,Machine 2,71.34,2.692,102.24,1716.8,28
2025-01-10T22:00:00,Machine 2,71.48,2.557,102.41,1717.9,28
2025-01-10T23:00:00,Machine 2,72.59,2.728,104.04,1728.6,29
2025-01-11T00:00:00,Machine 2,70.70,2.578,101.17,1709.5,29
2025-01-11T01:00:00,Machine 2,70.19,3.221,100.38,1704.1,26
2025-01-11T02:00:00,Machine 2,73.66,2.804,105.55,1738.5,28
2025-01-11T03:00:00,Machine 2,72.98,2.515,104.50,1731.5,26
2025-01-11T04:00:00,Machine 2,72.86,3.018,104.29,1730.0,26
2025-01-11T05:00:00,Machine 2,73.41,3.295,105.08,1735.2,27
2025-01-11T06:00:00,Machine 2,73.73,2.894,105.52,1738.1,28
2025-01-11T07:00:00,Machine 2,73.06,2.638,104.48,1731.1,25
2025-01-11T08:00:00,Machine 2,72.04,2.433,102.92,1720.6,28
2025-01-11T09:00:00,Machine 2,73.05,3.375,104.41,1730.5,28
2025-01-11T10:00:00,Machine 2,72.93,2.679,104.19,1728.9,27
2025-01-11T11:00:00,Machine 2,71.47,2.539,101.97,1714.1,26
2025-01-11T12:00:00,Machine 2,70.41,3.091,100.35,1703.2,25
2025-01-11T13:00:00,Machine 2,72.40,2.757,103.30,1722.8,27
2025-01-11T14:00:00,Machine 2,72.08,2.801,102.79,1719.4,26
2025-01-11T15:00:00,Machine 2,73.08,3.120,104.26,1729.1,26
2025-01-11T16:00:00,Machine 2,70.12,2.459,99.77,1699.2,28
2025-01-11T17:00:00,Machine 2,73.82,3.232,105.30,1735.9,28
2025-01-11T18:00:00,Machine 2,73.92,2.816,105.41,1736.6,27
2025-01-11T19:00:00,Machine 2,71.44,2.693,101.66,1711.5,27
2025-01-11T20:00:00,Machine 2,70.17,3.190,99.73,1698.6,28
2025-01-11T21:00:00,Machine 2,73.75,3.063,105.06,1734.1,27
2025-01-11T22:00:00,Machine 2,70.99,2.567,100.89,1706.2,29
2025-01-11T23:00:00,Machine 2,71.37,2.800,101.43,1709.7,26
2025-01-12T00:00:00,Machine 2,72.05,2.878,102.42,1716.3,27
2025-01-12T01:00:00,Machine 2,70.71,3.032,100.37,1702.6,25
2025-01-12T02:00:00,Machine 2,73.41,2.729,104.39,1729.3,26
2025-01-12T03:00:00,Machine 2,71.89,3.282,102.08,1713.8,27
2025-01-12T04:00:00,Machine 2,73.43,2.922,104.36,1729.0,28
2025-01-12T05:00:00,Machine 2,73.96,2.884,105.12,1734.0,26
2025-01-12T06:00:00,Machine 2,73.45,3.057,104.32,1728.6,25
2025-01-12T07:00:00,Machine 2,70.62,2.744,100.03,1700.0,27
2025-01-12T08:00:00,Machine 2,73.27,2.985,103.97,1726.2,29
2025-01-12T09:00:00,Machine 2,71.76,2.977,101.69,1710.9,26
2025-01-12T10:00:00,Machine 2,72.46,2.809,102.70,1717.6,29
2025-01-12T11:00:00,Machine 2,72.16,3.204,102.21,1714.2,26
2025-01-12T12:00:00,Machine 2,70.67,2.993,99.95,1699.1,25
2025-01-12T13:00:00,Machine 2,73.73,2.896,104.50,1729.4,28
2025-01-12T14:00:00,Machine 2,70.89,2.604,100.22,1700.8,26
2025-01-12T15:00:00,Machine 2,73.70,2.592,104.39,1728.5,27
2025-01-12T16:00:00,Machine 2,73.90,3.243,104.66,1730.2,26
2025-01-12T17:00:00,Machine 2,74.28,2.780,105.19,1733.7,27
2025-01-12T18:00:00,Machine 2,74.33,3.251,105.24,1733.9,27
2025-01-12T19:00:00,Machine 2,73.53,3.368,104.00,1725.7,28
2025-01-12T20:00:00,Machine 2,72.27,3.457,102.08,1712.8,26
2025-01-12T21:00:00,Machine 2,74.10,2.530,104.80,1730.9,25
2025-01-12T22:00:00,Machine 2,72.25,3.157,101.99,1712.1,26
2025-01-12T23:00:00,Machine 2,74.47,2.583,105.29,1734.0,28
2025-01-13T00:00:00,Machine 2,74.17,2.953,104.80,1730.7,28
2025-01-13T01:00:00,Machine 2,73.92,3.225,104.40,1727.9,28
2025-01-13T02:00:00,Machine 2,72.03,3.163,101.52,1708.7,25
2025-01-13T03:00:00,Machine 2,73.85,3.035,104.22,1726.6,26
2025-01-13T04:00:00,Machine 2,73.46,3.325,103.61,1722.5,27
2025-01-13T05:00:00,Machine 2,74.57,3.376,105.24,1733.3,27
2025-01-13T06:00:00,Machine 2,71.80,3.397,101.05,1705.3,26
2025-01-13T07:00:00,Machine 2,70.87,3.125,99.62,1695.7,29
2025-01-13T08:00:00,Machine 2,74.42,2.606,104.92,1731.0,28
2025-01-13T09:00:00,Machine 2,74.19,2.727,104.54,1728.4,26
2025-01-13T10:00:00,Machine 2,71.35,3.250,100.24,1699.6,29
2025-01-13T11:00:00,Machine 2,74.28,2.907,104.61,1728.7,27
2025-01-13T12:00:00,Machine 2,72.03,3.182,101.20,1705.9,26
2025-01-13T13:00:00,Machine 2,72.40,3.441,101.73,1709.4,28
2025-01-13T14:00:00,Machine 2,74.39,3.068,104.68,1729.0,29
2025-01-13T15:00:00,Machine 2,71.12,2.576,99.73,1696.0,25
2025-01-13T16:00:00,Machine 2,72.79,3.482,102.21,1712.4,26
2025-01-13T17:00:00,Machine 2,71.19,2.734,99.78,1696.1,26
2025-01-13T18:00:00,Machine 2,72.30,2.927,101.41,1707.0,26
2025-01-13T19:00:00,Machine 2,72.77,3.522,102.08,1711.4,28
2025-01-13T20:00:00,Machine 2,72.52,2.989,101.67,1708.6,28
2025-01-13T21:00:00,Machine 2,71.31,3.362,99.83,1696.2,25
2025-01-13T22:00:00,Machine 2,72.60,3.086,101.73,1708.9,27
2025-01-13T23:00:00,Machine 2,74.08,3.368,103.91,1723.3,26
2025-01-14T00:00:00,Machine 2,74.15,2.725,103.99,1723.7,28
2025-01-14T01:00:00,Machine 2,74.49,2.981,104.47,1726.9,26
2025-01-14T02:00:00,Machine 2,72.65,2.804,101.67,1708.2,28
2025-01-14T03:00:00,Machine 2,71.07,2.708,99.27,1692.1,26
2025-01-14T04:00:00,Machine 2,73.52,3.248,102.90,1716.3,28
2025-01-14T05:00:00,Machine 2,74.39,3.495,104.18,1724.7,26
2025-01-14T06:00:00,Machine 2,72.96,3.512,102.00,1710.1,26
2025-01-14T07:00:00,Machine 2,74.24,2.790,103.90,1722.7,27
2025-01-14T08:00:00,Machine 2,74.36,2.821,104.04,1723.6,27
2025-01-14T09:00:00,Machine 2,73.79,3.113,103.16,1717.7,25
2025-01-14T10:00:00,Machine 2,72.00,3.135,100.44,1699.5,26
2025-01-14T11:00:00,Machine 2,71.27,3.479,99.31,1691.9,27
2025-01-14T12:00:00,Machine 2,74.02,2.877,103.40,1719.1,27
2025-01-14T13:00:00,Machine 2,74.89,2.664,104.66,1727.5,26
2025-01-14T14:00:00,Machine 2,71.50,3.491,99.55,1693.3,28
2025-01-14T15:00:00,Machine 2,71.70,2.843,99.82,1695.0,28
2025-01-14T16:00:00,Machine 2,73.90,2.756,103.09,1716.7,26
2025-01-14T17:00:00,Machine 2,74.62,3.382,104.14,1723.7,25
2025-01-14T18:00:00,Machine 2,72.49,3.321,100.90,1702.0,26
2025-01-14T19:00:00,Machine 2,72.76,3.083,101.28,1704.5,25
2025-01-14T20:00:00,Machine 2,71.96,3.497,100.05,1696.2,25
2025-01-14T21:00:00,Machine 2,74.51,3.430,103.84,1721.5,28
2025-01-14T22:00:00,Machine 2,72.67,2.713,101.05,1702.8,26
2025-01-14T23:00:00,Machine 2,74.09,2.889,103.14,1716.6,26
2025-01-15T00:00:00,Machine 2,73.26,2.743,101.86,1708.1,26
2025-01-15T01:00:00,Machine 2,75.16,2.900,104.68,1726.8,26
2025-01-15T02:00:00,Machine 2,74.84,3.492,104.18,1723.4,25
2025-01-15T03:00:00,Machine 2,71.34,3.360,98.89,1688.1,25
2025-01-15T04:00:00,Machine 2,72.66,2.975,100.84,1701.0,25
2025-01-15T05:00:00,Machine 2,74.49,3.199,103.55,1719.0,25
2025-01-15T06:00:00,Machine 2,72.50,3.488,100.53,1698.9,24
2025-01-15T07:00:00,Machine 2,72.69,2.953,100.77,1700.4,28
2025-01-15T08:00:00,Machine 2,72.93,3.058,101.10,1702.5,26
2025-01-15T09:00:00,Machine 2,73.45,3.496,101.85,1707.5,26
2025-01-15T10:00:00,Machine 2,73.67,2.818,102.15,1709.4,27
2025-01-15T11:00:00,Machine 2,72.00,2.777,99.62,1692.4,26
2025-01-15T12:00:00,Machine 2,72.55,2.846,100.41,1697.7,25
2025-01-15T13:00:00,Machine 2,71.75,3.285,99.18,1689.4,26
2025-01-15T14:00:00,Machine 2,74.19,3.359,102.80,1713.4,24
2025-01-15T15:00:00,Machine 2,71.70,3.600,99.03,1688.2,26
2025-01-15T16:00:00,Machine 2,75.42,2.779,104.58,1725.2,26
2025-01-15T17:00:00,Machine 2,74.47,2.733,103.12,1715.4,25
2025-01-15T18:00:00,Machine 2,74.86,3.625,103.67,1719.0,28
2025-01-15T19:00:00,Machine 2,74.40,3.417,102.95,1714.1,28
2025-01-15T20:00:00,Machine 2,74.73,3.159,103.41,1717.1,28
2025-01-15T21:00:00,Machine 2,74.98,3.077,103.75,1719.4,26
2025-01-15T22:00:00,Machine 2,72.30,3.466,99.71,1692.3,25
2025-01-15T23:00:00,Machine 2,73.11,2.862,100.89,1700.2,26
2025-01-16T00:00:00,Machine 2,73.36,2.775,101.23,1702.4,25
2025-01-16T01:00:00,Machine 2,75.41,3.440,104.28,1722.6,27
2025-01-16T02:00:00,Machine 2,73.03,2.829,100.66,1698.5,24
2025-01-16T03:00:00,Machine 2,71.73,3.185,98.68,1685.2,27
2025-01-16T04:00:00,Machine 2,72.97,2.874,100.51,1697.3,25
2025-01-16T05:00:00,Machine 2,73.28,3.562,100.94,1700.1,26
2025-01-16T06:00:00,Machine 2,73.73,2.814,101.59,1704.4,28
2025-01-16T07:00:00,Machine 2,74.24,3.100,102.31,1709.2,24
2025-01-16T08:00:00,Machine 2,75.53,3.104,104.23,1721.8,28
2025-01-16T09:00:00,Machine 2,75.10,3.555,103.54,1717.2,25
2025-01-16T10:00:00,Machine 2,72.03,3.109,98.90,1686.2,24
2025-01-16T11:00:00,Machine 2,74.31,2.787,102.30,1708.8,28
2025-01-16T12:00:00,Machine 2,73.35,3.289,100.82,1698.9,27
2025-01-16T13:00:00,Machine 2,73.65,3.408,101.24,1701.6,28
2025-01-16T14:00:00,Machine 2,72.07,2.816,98.84,1685.6,27
2025-01-16T15:00:00,Machine 2,74.35,2.866,102.23,1708.1,26
2025-01-16T16:00:00,Machine 2,72.50,3.470,99.42,1689.3,28
2025-01-16T17:00:00,Machine 2,74.62,3.159,102.56,1710.2,27
2025-01-16T18:00:00,Machine 2,74.07,2.835,101.70,1704.4,25
2025-01-16T19:00:00,Machine 2,74.62,3.307,102.50,1709.7,24
2025-01-16T20:00:00,Machine 2,72.95,2.830,99.96,1692.6,27
2025-01-16T21:00:00,Machine 2,72.17,2.919,98.76,1684.6,24
2025-01-16T22:00:00,Machine 2,73.33,3.653,100.46,1695.9,28
2025-01-16T23:00:00,Machine 2,74.29,3.525,101.87,1705.2,27
2025-01-17T00:00:00,Machine 2,74.06,3.622,101.49,1702.6,25
2025-01-17T01:00:00,Machine 2,72.49,3.734,99.10,1686.6,27
2025-01-17T02:00:00,Machine 2,73.19,3.680,100.12,1693.4,28
2025-01-17T03:00:00,Machine 2,73.90,3.281,101.15,1700.2,27
2025-01-17T04:00:00,Machine 2,72.80,3.482,99.47,1688.9,25
2025-01-17T05:00:00,Machine 2,72.30,3.097,98.68,1683.6,25
2025-01-17T06:00:00,Machine 2,74.48,3.095,101.92,1705.1,25
2025-01-17T07:00:00,Machine 2,74.85,3.731,102.45,1708.6,25
2025-01-17T08:00:00,Machine 2,75.68,3.480,103.66,1716.5,24
2025-01-17T09:00:00,Machine 2,74.24,2.950,101.46,1701.8,27
2025-01-17T10:00:00,Machine 2,72.57,2.895,98.93,1684.9,26
2025-01-17T11:00:00,Machine 2,73.94,3.429,100.95,1698.3,26
2025-01-17T12:00:00,Machine 2,74.88,3.723,102.32,1707.4,27
2025-01-17T13:00:00,Machine 2,75.41,3.231,103.08,1712.4,25
2025-01-17T14:00:00,Machine 2,73.68,3.009,100.46,1694.9,24
2025-01-17T15:00:00,Machine 2,73.75,3.171,100.53,1695.3,25
2025-01-17T16:00:00,Machine 2,72.69,3.437,98.91,1684.4,26
2025-01-17T17:00:00,Machine 2,76.24,3.527,104.21,1719.6,24
2025-01-17T18:00:00,Machine 2,74.01,2.972,100.83,1697.1,27
2025-01-17T19:00:00,Machine 2,72.44,3.558,98.44,1681.1,27
2025-01-17T20:00:00,Machine 2,74.95,3.092,102.17,1705.9,26
2025-01-17T21:00:00,Machine 2,74.68,3.741,101.72,1702.9,28
2025-01-17T22:00:00,Machine 2,72.52,3.313,98.45,1681.0,25
2025-01-17T23:00:00,Machine 2,75.99,2.973,103.63,1715.4,24
2025-01-18T00:00:00,Machine 2,76.01,3.646,103.63,1715.4,27
2025-01-18T01:00:00,Machine 2,76.00,3.321,103.58,1714.9,25
2025-01-18T02:00:00,Machine 2,73.73,3.430,100.14,1692.0,25
2025-01-18T03:00:00,Machine 2,74.90,3.365,101.86,1703.4,25
2025-01-18T04:00:00,Machine 2,72.76,3.699,98.62,1681.7,26
2025-01-18T05:00:00,Machine 2,72.73,3.642,98.55,1681.2,24
2025-01-18T06:00:00,Machine 2,72.56,3.603,98.26,1679.2,27
2025-01-18T07:00:00,Machine 2,76.01,2.863,103.39,1713.4,27
2025-01-18T08:00:00,Machine 2,73.26,3.687,99.23,1685.6,24
2025-01-18T09:00:00,Machine 2,75.32,3.555,102.30,1706.0,24
2025-01-18T10:00:00,Machine 2,73.99,3.544,100.27,1692.4,28
2025-01-18T11:00:00,Machine 2,73.93,3.217,100.15,1691.5,25
2025-01-18T12:00:00,Machine 2,76.50,3.396,103.96,1716.8,24
2025-01-18T13:00:00,Machine 2,74.96,3.436,101.62,1701.2,26
2025-01-18T14:00:00,Machine 2,73.93,3.629,100.05,1690.7,24
2025-01-18T15:00:00,Machine 2,76.33,3.354,103.61,1714.3,24
2025-01-18T16:00:00,Machine 2,73.02,3.465,98.62,1680.9,27
2025-01-18T17:00:00,Machine 2,74.23,3.779,100.40,1692.8,27
2025-01-18T18:00:00,Machine 2,73.74,2.991,99.63,1687.5,26
2025-01-18T19:00:00,Machine 2,75.49,3.347,102.23,1704.8,26
2025-01-18T20:00:00,Machine 2,72.72,2.999,98.04,1676.9,26
2025-01-18T21:00:00,Machine 2,76.09,3.483,103.05,1710.2,24
2025-01-18T22:00:00,Machine 2,75.17,3.573,101.65,1700.8,26
2025-01-18T23:00:00,Machine 2,73.81,3.046,99.57,1686.8,25
2025-01-19T00:00:00,Machine 2,73.17,3.463,98.57,1680.2,25
2025-01-19T01:00:00,Machine 2,74.79,3.515,100.98,1696.2,27
2025-01-19T02:00:00,Machine 2,73.71,3.189,99.32,1685.0,27
2025-01-19T03:00:00,Machine 2,72.89,3.075,98.06,1676.5,24
2025-01-19T04:00:00,Machine 2,75.09,3.072,101.32,1698.2,25
2025-01-19T05:00:00,Machine 2,73.94,3.690,99.57,1686.5,27
2025-01-19T06:00:00,Machine 2,75.36,3.612,101.66,1700.4,27
2025-01-19T07:00:00,Machine 2,74.44,3.266,100.25,1690.9,25
2025-01-19T08:00:00,Machine 2,76.75,3.400,103.69,1713.8,25
2025-01-19T09:00:00,Machine 2,74.61,3.276,100.44,1692.0,26
2025-01-19T10:00:00,Machine 2,74.02,3.703,99.53,1685.9,25
2025-01-19T11:00:00,Machine 2,73.24,3.240,98.33,1677.9,26
2025-01-19T12:00:00,Machine 2,75.29,3.442,101.37,1698.0,27
2025-01-19T13:00:00,Machine 2,76.26,3.791,102.79,1707.5,25
2025-01-19T14:00:00,Machine 2,75.57,3.239,101.71,1700.2,23
2025-01-19T15:00:00,Machine 2,74.14,3.688,99.54,1685.7,24
2025-01-19T16:00:00,Machine 2,73.17,3.787,98.05,1675.7,25
2025-01-19T17:00:00,Machine 2,76.25,3.488,102.64,1706.2,24
2025-01-19T18:00:00,Machine 2,75.56,3.620,101.58,1699.1,26
2025-01-19T19:00:00,Machine 2,76.85,3.609,103.47,1711.6,25
2025-01-19T20:00:00,Machine 2,75.84,3.228,101.93,1701.3,25
2025-01-19T21:00:00,Machine 2,73.41,2.944,98.26,1676.7,26
2025-01-19T22:00:00,Machine 2,74.50,3.047,99.86,1687.3,26
2025-01-19T23:00:00,Machine 2,76.87,2.988,103.38,1710.8,27
2025-01-20T00:00:00,Machine 2,76.57,3.667,102.89,1707.4,26
2025-01-20T01:00:00,Machine 2,75.61,3.820,101.43,1697.6,24
2025-01-20T02:00:00,Machine 2,74.41,2.963,99.59,1685.3,24
2025-01-20T03:00:00,Machine 2,76.65,3.046,102.91,1707.4,25
2025-01-20T04:00:00,Machine 2,76.20,3.408,102.21,1702.7,27
2025-01-20T05:00:00,Machine 2,74.67,3.167,99.88,1687.0,26
2025-01-20T06:00:00,Machine 2,74.77,3.275,100.00,1687.8,24
2025-01-20T07:00:00,Machine 2,75.90,3.301,101.66,1698.8,25
2025-01-20T08:00:00,Machine 2,76.80,3.558,102.98,1707.5,25
2025-01-20T09:00:00,Machine 2,74.69,3.842,99.77,1686.1,26
2025-01-20T10:00:00,Machine 2,73.67,3.932,98.21,1675.6,27
2025-01-20T11:00:00,Machine 2,73.50,3.732,97.93,1673.7,26
2025-01-20T12:00:00,Machine 2,77.08,3.792,103.27,1709.2,24
2025-01-20T13:00:00,Machine 2,76.02,3.459,101.65,1698.3,23
2025-01-20T14:00:00,Machine 2,75.59,3.278,100.97,1693.7,24
2025-01-20T15:00:00,Machine 2,75.93,3.855,101.45,1696.9,25
2025-01-20T16:00:00,Machine 2,75.28,3.500,100.43,1690.0,26
2025-01-20T17:00:00,Machine 2,77.00,3.733,102.97,1706.9,27
2025-01-20T18:00:00,Machine 2,75.49,3.003,100.68,1691.6,25
2025-01-20T19:00:00,Machine 2,74.11,3.299,98.58,1677.5,24
2025-01-20T20:00:00,Machine 2,73.86,3.278,98.17,1674.7,26
2025-01-20T21:00:00,Machine 2,74.39,3.071,98.94,1679.8,26
2025-01-20T22:00:00,Machine 2,76.82,3.483,102.54,1703.7,25
2025-01-20T23:00:00,Machine 2,77.26,3.504,103.17,1707.8,25
2025-01-21T00:00:00,Machine 2,76.42,3.375,101.88,1699.2,26
2025-01-21T01:00:00,Machine 2,76.91,3.817,102.59,1703.9,24
2025-01-21T02:00:00,Machine 2,74.28,3.976,98.60,1677.2,24
2025-01-21T03:00:00,Machine 2,73.89,3.271,97.99,1673.1,24
2025-01-21T04:00:00,Machine 2,74.92,3.996,99.50,1683.1,25
2025-01-21T05:00:00,Machine 2,74.96,3.698,99.53,1683.2,24
2025-01-21T06:00:00,Machine 2,73.79,3.183,97.74,1671.2,27
2025-01-21T07:00:00,Machine 2,74.31,3.723,98.49,1676.2,27
2025-01-21T08:00:00,Machine 2,76.53,3.789,101.79,1698.1,25
2025-01-21T09:00:00,Machine 2,75.29,3.049,99.89,1685.4,25
2025-01-21T10:00:00,Machine 2,76.70,4.004,101.97,1699.2,26
2025-01-21T11:00:00,Machine 2,74.51,3.508,98.65,1677.0,25
2025-01-21T12:00:00,Machine 2,74.99,3.468,99.34,1681.5,26
2025-01-21T13:00:00,Machine 2,77.00,3.105,102.33,1701.4,26
2025-01-21T14:00:00,Machine 2,77.29,3.969,102.72,1703.9,23
2025-01-21T15:00:00,Machine 2,74.51,3.050,98.52,1675.9,27
2025-01-21T16:00:00,Machine 2,77.51,3.789,103.00,1705.6,24
2025-01-21T17:00:00,Machine 2,76.49,3.066,101.42,1695.1,25
2025-01-21T18:00:00,Machine 2,75.12,3.689,99.34,1681.2,25
2025-01-21T19:00:00,Machine 2,75.16,3.500,99.37,1681.3,25
2025-01-21T20:00:00,Machine 2,75.17,3.380,99.35,1681.1,23
2025-01-21T21:00:00,Machine 2,76.69,3.533,101.59,1695.9,25
2025-01-21T22:00:00,Machine 2,76.69,3.892,101.57,1695.7,26
2025-01-21T23:00:00,Machine 2,74.61,3.971,98.41,1674.6,23
2025-01-22T00:00:00,Machine 2,74.52,3.319,98.25,1673.5,26
2025-01-22T01:00:00,Machine 2,76.97,3.421,101.89,1697.7,23
2025-01-22T02:00:00,Machine 2,75.29,3.890,99.33,1680.6,26
2025-01-22T03:00:00,Machine 2,77.52,3.745,102.65,1702.6,24
2025-01-22T04:00:00,Machine 2,77.79,3.772,103.02,1705.0,25
2025-01-22T05:00:00,Machine 2,77.51,3.430,102.56,1701.9,25
2025-01-22T06:00:00,Machine 2,75.37,3.829,99.33,1680.3,25
2025-01-22T07:00:00,Machine 2,76.42,3.244,100.86,1690.5,26
2025-01-22T08:00:00,Machine 2,76.64,3.273,101.16,1692.4,24
2025-01-22T09:00:00,Machine 2,76.35,3.851,100.69,1689.2,26
2025-01-22T10:00:00,Machine 2,75.91,3.276,100.00,1684.5,24
2025-01-22T11:00:00,Machine 2,77.77,3.892,102.76,1702.9,26
2025-01-22T12:00:00,Machine 2,76.73,3.304,101.17,1692.2,25
2025-01-22T13:00:00,Machine 2,75.91,3.671,99.90,1683.7,26
2025-01-22T14:00:00,Machine 2,77.35,3.768,102.03,1697.9,24
2025-01-22T15:00:00,Machine 2,78.10,3.500,103.12,1705.1,25
2025-01-22T16:00:00,Machine 2,74.77,3.644,98.09,1671.5,26
2025-01-22T17:00:00,Machine 2,76.97,3.940,101.35,1693.1,23
2025-01-22T18:00:00,Machine 2,77.40,3.332,101.98,1697.2,26
2025-01-22T19:00:00,Machine 2,75.24,3.289,98.69,1675.3,26
2025-01-22T20:00:00,Machine 2,74.87,3.365,98.11,1671.3,25
2025-01-22T21:00:00,Machine 2,74.47,3.831,97.47,1667.0,26
2025-01-22T22:00:00,Machine 2,75.46,3.768,98.93,1676.6,24
2025-01-22T23:00:00,Machine 2,77.42,4.101,101.84,1696.0,26
2025-01-23T00:00:00,Machine 2,75.49,3.268,98.90,1676.4,23
2025-01-23T01:00:00,Machine 2,76.99,3.527,101.12,1691.1,25
2025-01-23T02:00:00,Machine 2,76.97,3.743,101.07,1690.6,26
2025-01-23T03:00:00,Machine 2,77.88,4.064,102.39,1699.4,23
2025-01-23T04:00:00,Machine 2,74.65,3.283,97.51,1666.8,23
2025-01-23T05:00:00,Machine 2,74.36,3.617,97.05,1663.7,24
2025-01-23T06:00:00,Machine 2,78.00,3.322,102.48,1699.8,25
2025-01-23T07:00:00,Machine 2,77.70,3.972,102.00,1696.6,23
2025-01-23T08:00:00,Machine 2,76.97,3.560,100.86,1688.9,24
2025-01-23T09:00:00,Machine 2,77.39,3.233,101.47,1692.9,24
2025-01-23T10:00:00,Machine 2,74.77,3.464,97.50,1666.4,26
2025-01-23T11:00:00,Machine 2,78.13,3.622,102.51,1699.7,22
2025-01-23T12:00:00,Machine 2,76.82,3.730,100.51,1686.3,25
2025-01-23T13:00:00,Machine 2,77.95,3.192,102.18,1697.4,26
2025-01-23T14:00:00,Machine 2,76.57,3.904,100.08,1683.3,24
2025-01-23T15:00:00,Machine 2,75.05,3.404,97.75,1667.7,26
2025-01-23T16:00:00,Machine 2,76.66,3.718,100.13,1683.6,24
2025-01-23T17:00:00,Machine 2,74.60,4.019,97.01,1662.7,23
2025-01-23T18:00:00,Machine 2,78.49,3.617,102.82,1701.3,26
2025-01-23T19:00:00,Machine 2,75.79,3.203,98.73,1674.0,26
2025-01-23T20:00:00,Machine 2,78.13,3.415,102.21,1697.2,25
2025-01-23T21:00:00,Machine 2,75.70,3.395,98.53,1672.6,26
2025-01-23T22:00:00,Machine 2,78.51,3.591,102.72,1700.4,23
2025-01-23T23:00:00,Machine 2,75.49,4.131,98.15,1669.9,25
2025-01-24T00:00:00,Machine 2,76.00,3.656,98.89,1674.8,24
2025-01-24T01:00:00,Machine 2,78.47,3.920,102.57,1699.2,26
2025-01-24T02:00:00,Machine 2,78.00,4.118,101.83,1694.2,23
2025-01-24T03:00:00,Machine 2,77.55,3.714,101.12,1689.4,25
2025-01-24T04:00:00,Machine 2,78.22,3.879,102.09,1695.9,23
2025-01-24T05:00:00,Machine 2,78.68,4.177,102.74,1700.1,26
2025-01-24T06:00:00,Machine 2,78.66,3.649,102.69,1699.7,23
2025-01-24T07:00:00,Machine 2,77.99,3.215,101.65,1692.7,23
2025-01-24T08:00:00,Machine 2,74.85,3.438,96.89,1661.0,26
2025-01-24T09:00:00,Machine 2,77.87,3.237,101.39,1690.9,25
2025-01-24T10:00:00,Machine 2,77.07,4.084,100.17,1682.7,23
2025-01-24T11:00:00,Machine 2,77.16,4.160,100.27,1683.3,24
2025-01-24T12:00:00,Machine 2,76.30,3.390,98.95,1674.4,24
2025-01-24T13:00:00,Machine 2,75.69,3.882,98.00,1668.0,23
2025-01-24T14:00:00,Machine 2,77.83,3.511,101.18,1689.2,24
2025-01-24T15:00:00,Machine 2,76.59,3.357,99.28,1676.4,24
2025-01-24T16:00:00,Machine 2,76.43,3.500,99.00,1674.5,23
2025-01-24T17:00:00,Machine 2,75.87,3.335,98.14,1668.7,25
2025-01-24T18:00:00,Machine 2,75.58,3.781,97.66,1665.5,25
2025-01-24T19:00:00,Machine 2,76.30,3.610,98.72,1672.4,25
2025-01-24T20:00:00,Machine 2,76.13,3.772,98.43,1670.4,24
2025-01-24T21:00:00,Machine 2,76.89,3.375,99.53,1677.7,23
2025-01-24T22:00:00,Machine 2,78.39,3.338,101.75,1692.5,23
2025-01-24T23:00:00,Machine 2,76.98,4.110,99.60,1678.0,26
2025-01-25T00:00:00,Machine 2,78.05,3.716,101.17,1688.5,22
2025-01-25T01:00:00,Machine 2,77.24,4.156,99.93,1680.1,25
2025-01-25T02:00:00,Machine 2,76.46,3.987,98.73,1672.0,25
2025-01-25T03:00:00,Machine 2,78.86,3.957,102.29,1695.7,23
2025-01-25T04:00:00,Machine 2,77.43,4.132,100.12,1681.2,22
2025-01-25T05:00:00,Machine 2,78.79,3.599,102.12,1694.5,25
2025-01-25T06:00:00,Machine 2,77.51,3.719,100.17,1681.4,22
2025-01-25T07:00:00,Machine 2,77.58,4.251,100.23,1681.8,24
2025-01-25T08:00:00,Machine 2,75.14,3.567,96.54,1657.1,24
2025-01-25T09:00:00,Machine 2,78.58,3.621,101.67,1691.3,23
2025-01-25T10:00:00,Machine 2,75.75,4.225,97.40,1662.7,22
2025-01-25T11:00:00,Machine 2,77.12,3.591,99.41,1676.1,22
2025-01-25T12:00:00,Machine 2,78.56,3.693,101.55,1690.2,25
2025-01-25T13:00:00,Machine 2,77.59,3.496,100.06,1680.3,23
2025-01-25T14:00:00,Machine 2,77.47,3.927,99.84,1678.7,23
2025-01-25T15:00:00,Machine 2,77.00,3.499,99.11,1673.8,24
2025-01-25T16:00:00,Machine 2,76.56,3.783,98.42,1669.1,23
2025-01-25T17:00:00,Machine 2,75.89,3.580,97.37,1662.1,23
2025-01-25T18:00:00,Machine 2,75.51,3.582,96.77,1658.0,24
2025-01-25T19:00:00,Machine 2,77.95,4.098,100.40,1682.2,24
2025-01-25T20:00:00,Machine 2,78.82,3.928,101.67,1690.5,24
2025-01-25T21:00:00,Machine 2,76.27,4.130,97.82,1664.8,25
2025-01-25T22:00:00,Machine 2,77.16,4.284,99.12,1673.4,25
2025-01-25T23:00:00,Machine 2,76.44,3.968,98.00,1665.9,24
2025-01-26T00:00:00,Machine 2,77.28,3.408,99.24,1674.1,24
2025-01-26T01:00:00,Machine 2,77.93,3.334,100.18,1680.3,25
2025-01-26T02:00:00,Machine 2,77.46,3.688,99.43,1675.3,23
2025-01-26T03:00:00,Machine 2,75.83,4.149,96.96,1658.7,26
2025-01-26T04:00:00,Machine 2,77.96,4.036,100.12,1679.7,25
2025-01-26T05:00:00,Machine 2,78.61,3.480,101.06,1685.9,23
2025-01-26T06:00:00,Machine 2,75.89,3.884,96.94,1658.4,23
2025-01-26T07:00:00,Machine 2,76.19,3.332,97.37,1661.2,24
2025-01-26T08:00:00,Machine 2,78.81,3.963,101.26,1687.1,24
2025-01-26T09:00:00,Machine 2,79.29,3.745,101.96,1691.7,24
2025-01-26T10:00:00,Machine 2,77.80,3.508,99.68,1676.4,24
2025-01-26T11:00:00,Machine 2,76.52,3.504,97.74,1663.4,25
2025-01-26T12:00:00,Machine 2,76.66,3.459,97.91,1664.5,22
2025-01-26T13:00:00,Machine 2,76.48,3.679,97.60,1662.4,23
2025-01-26T14:00:00,Machine 2,75.79,3.483,96.54,1655.2,23
2025-01-26T15:00:00,Machine 2,79.31,4.278,101.79,1690.2,25
2025-01-26T16:00:00,Machine 2,77.35,3.732,98.81,1670.2,23
2025-01-26T17:00:00,Machine 2,77.21,3.426,98.57,1668.6,26
2025-01-26T18:00:00,Machine 2,78.69,3.531,100.76,1683.1,22
2025-01-26T19:00:00,Machine 2,78.80,3.409,100.89,1683.9,22
2025-01-26T20:00:00,Machine 2,77.19,3.911,98.44,1667.5,24
2025-01-26T21:00:00,Machine 2,75.81,3.388,96.33,1653.4,22
2025-01-26T22:00:00,Machine 2,79.22,4.007,101.42,1687.2,25
2025-01-26T23:00:00,Machine 2,76.97,3.580,98.01,1664.4,25
2025-01-27T00:00:00,Machine 2,77.16,3.916,98.27,1666.1,25
2025-01-27T01:00:00,Machine 2,76.32,4.215,96.98,1657.5,25
2025-01-27T02:00:00,Machine 2,77.43,3.414,98.60,1668.2,22
2025-01-27T03:00:00,Machine 2,78.24,3.993,99.78,1676.0,26
2025-01-27T04:00:00,Machine 2,77.40,3.577,98.50,1667.4,23
2025-01-27T05:00:00,Machine 2,79.03,4.122,100.91,1683.4,24
2025-01-27T06:00:00,Machine 2,76.44,4.114,96.98,1657.2,23
2025-01-27T07:00:00,Machine 2,79.81,3.780,102.00,1690.6,23
2025-01-27T08:00:00,Machine 2,79.08,3.837,100.89,1683.1,25
2025-01-27T09:00:00,Machine 2,76.90,4.302,97.58,1661.0,24
2025-01-27T10:00:00,Machine 2,76.41,4.314,96.81,1655.8,24
2025-01-27T11:00:00,Machine 2,78.00,3.528,99.16,1671.4,25
2025-01-27T12:00:00,Machine 2,77.86,3.720,98.92,1669.7,23
2025-01-27T13:00:00,Machine 2,79.23,4.372,100.95,1683.2,25
2025-01-27T14:00:00,Machine 2,78.53,3.683,99.86,1675.8,24
2025-01-27T15:00:00,Machine 2,77.86,4.381,98.82,1668.9,23
2025-01-27T16:00:00,Machine 2,79.70,3.794,101.55,1687.0,22
2025-01-27T17:00:00,Machine 2,79.40,3.482,101.06,1683.7,25
2025-01-27T18:00:00,Machine 2,79.20,4.257,100.74,1681.5,23
2025-01-27T19:00:00,Machine 2,79.27,3.793,100.81,1681.9,23
2025-01-27T20:00:00,Machine 2,78.98,4.195,100.34,1678.7,24
2025-01-27T21:00:00,Machine 2,77.70,4.171,98.39,1665.6,22
2025-01-27T22:00:00,Machine 2,79.95,4.251,101.73,1687.8,23
2025-01-27T23:00:00,Machine 2,78.35,4.270,99.30,1671.5,23
2025-01-28T00:00:00,Machine 2,78.90,4.252,100.09,1676.7,24
2025-01-28T01:00:00,Machine 2,80.01,4.177,101.73,1687.6,24
2025-01-28T02:00:00,Machine 2,76.98,3.888,97.14,1657.0,21
2025-01-28T03:00:00,Machine 2,78.72,3.778,99.72,1674.1,23
2025-01-28T04:00:00,Machine 2,79.67,4.389,101.11,1683.3,22
2025-01-28T05:00:00,Machine 2,77.80,3.771,98.27,1664.3,23
2025-01-28T06:00:00,Machine 2,77.72,4.333,98.13,1663.3,25
2025-01-28T07:00:00,Machine 2,78.78,4.149,99.68,1673.6,23
2025-01-28T08:00:00,Machine 2,77.92,3.506,98.35,1664.7,23
2025-01-28T09:00:00,Machine 2,78.64,3.869,99.40,1671.6,25
2025-01-28T10:00:00,Machine 2,78.64,3.539,99.37,1671.3,22
2025-01-28T11:00:00,Machine 2,78.39,3.650,98.96,1668.5,23
2025-01-28T12:00:00,Machine 2,80.24,4.285,101.70,1686.7,23
2025-01-28T13:00:00,Machine 2,80.11,4.324,101.48,1685.2,23
2025-01-28T14:00:00,Machine 2,80.30,4.085,101.73,1686.8,24
2025-01-28T15:00:00,Machine 2,76.52,4.435,96.03,1648.7,23
2025-01-28T16:00:00,Machine 2,79.46,4.381,100.40,1677.8,23
2025-01-28T17:00:00,Machine 2,77.19,4.044,96.96,1654.9,24
2025-01-28T18:00:00,Machine 2,77.25,3.973,97.02,1655.1,24
2025-01-28T19:00:00,Machine 2,76.76,4.031,96.26,1650.0,22
2025-01-28T20:00:00,Machine 2,76.93,4.193,96.47,1651.4,22
2025-01-28T21:00:00,Machine 2,79.62,3.777,100.47,1678.0,24
2025-01-28T22:00:00,Machine 2,79.38,4.178,100.08,1675.3,24
2025-01-28T23:00:00,Machine 2,77.82,3.865,97.71,1659.5,22
2025-01-29T00:00:00,Machine 2,77.24,3.746,96.81,1653.4,23
2025-01-29T01:00:00,Machine 2,76.74,4.069,96.03,1648.1,22
2025-01-29T02:00:00,Machine 2,78.95,3.485,99.31,1669.9,24
2025-01-29T03:00:00,Machine 2,79.75,3.610,100.47,1677.6,25
2025-01-29T04:00:00,Machine 2,80.25,3.494,101.20,1682.4,24
2025-01-29T05:00:00,Machine 2,78.14,3.745,97.99,1660.9,22
2025-01-29T06:00:00,Machine 2,76.73,4.437,95.85,1646.6,23
2025-01-29T07:00:00,Machine 2,77.66,3.761,97.21,1655.7,23
2025-01-29T08:00:00,Machine 2,77.33,4.417,96.68,1652.1,22
2025-01-29T09:00:00,Machine 2,78.93,3.753,99.05,1667.8,22
2025-01-29T10:00:00,Machine 2,77.45,3.572,96.80,1652.7,25
2025-01-29T11:00:00,Machine 2,79.17,4.468,99.35,1669.6,23
2025-01-29T12:00:00,Machine 2,79.98,4.141,100.53,1677.4,22
2025-01-29T13:00:00,Machine 2,77.89,4.177,97.35,1656.2,22
2025-01-29T14:00:00,Machine 2,79.35,3.665,99.51,1670.5,25
2025-01-29T15:00:00,Machine 2,78.03,3.833,97.50,1657.0,23
2025-01-29T16:00:00,Machine 2,77.21,3.654,96.24,1648.6,24
2025-01-29T17:00:00,Machine 2,77.62,3.591,96.82,1652.4,23
2025-01-29T18:00:00,Machine 2,79.71,4.230,99.92,1673.0,22
2025-01-29T19:00:00,Machine 2,78.20,3.575,97.63,1657.7,22
2025-01-29T20:00:00,Machine 2,77.79,3.836,96.97,1653.2,23
2025-01-29T21:00:00,Machine 2,80.52,4.468,101.04,1680.3,23
2025-01-29T22:00:00,Machine 2,80.57,4.286,101.08,1680.5,22
2025-01-29T23:00:00,Machine 2,79.83,4.414,99.94,1672.8,24
2025-01-30T00:00:00,Machine 2,77.18,3.768,95.93,1646.0,22
2025-01-30T01:00:00,Machine 2,79.76,3.693,99.78,1671.6,23
2025-01-30T02:00:00,Machine 2,77.45,3.641,96.27,1648.2,23
2025-01-30T03:00:00,Machine 2,78.68,4.379,98.08,1660.2,24
2025-01-30T04:00:00,Machine 2,80.45,3.939,100.71,1677.7,24
2025-01-30T05:00:00,Machine 2,80.02,3.861,100.03,1673.1,24
2025-01-30T06:00:00,Machine 2,79.62,4.531,99.39,1668.7,23
2025-01-30T07:00:00,Machine 2,80.00,4.189,99.94,1672.3,24
2025-01-30T08:00:00,Machine 2,77.77,4.119,96.55,1649.7,25
2025-01-30T09:00:00,Machine 2,77.87,4.243,96.67,1650.4,22
2025-01-30T10:00:00,Machine 2,80.73,3.646,100.93,1678.7,22
2025-01-30T11:00:00,Machine 2,80.57,4.090,100.65,1676.8,24
2025-01-30T12:00:00,Machine 2,79.27,3.789,98.67,1663.5,22
2025-01-30T13:00:00,Machine 2,78.51,4.081,97.51,1655.7,21
2025-01-30T14:00:00,Machine 2,80.40,4.288,100.31,1674.3,23
2025-01-30T15:00:00,Machine 2,79.82,4.283,99.39,1668.2,24
2025-01-30T16:00:00,Machine 2,79.11,4.470,98.30,1660.8,24
2025-01-30T17:00:00,Machine 2,78.52,4.053,97.39,1654.7,22
2025-01-30T18:00:00,Machine 2,78.39,4.402,97.16,1653.1,22
2025-01-30T19:00:00,Machine 2,78.76,4.562,97.68,1656.5,25
2025-01-30T20:00:00,Machine 2,80.97,4.224,100.96,1678.3,22
2025-01-30T21:00:00,Machine 2,79.02,3.929,98.00,1658.5,22
2025-01-30T22:00:00,Machine 2,78.24,4.527,96.80,1650.5,24
2025-01-30T23:00:00,Machine 2,79.00,3.697,97.91,1657.8,25
2025-01-01T00:00:00,Machine 3,72.22,2.923,111.83,1712.2,28
2025-01-01T01:00:00,Machine 3,71.91,2.814,111.32,1708.7,28
2025-01-01T02:00:00,Machine 3,71.45,2.496,110.59,1703.7,31
2025-01-01T03:00:00,Machine 3,72.00,2.136,111.37,1708.9,30
2025-01-01T04:00:00,Machine 3,71.81,2.121,111.04,1706.6,28
2025-01-01T05:00:00,Machine 3,71.10,2.408,109.93,1699.1,30
2025-01-01T06:00:00,Machine 3,69.38,2.277,107.31,1681.6,29
2025-01-01T07:00:00,Machine 3,71.37,2.401,110.25,1701.1,29
2025-01-01T08:00:00,Machine 3,69.44,2.371,107.31,1681.4,31
2025-01-01T09:00:00,Machine 3,72.37,3.041,111.66,1710.3,29
2025-01-01T10:00:00,Machine 3,73.16,2.435,112.80,1717.8,30
2025-01-01T11:00:00,Machine 3,70.09,2.436,108.15,1686.8,31
2025-01-01T12:00:00,Machine 3,71.48,2.624,110.20,1700.3,28
2025-01-01T13:00:00,Machine 3,72.06,2.237,111.03,1705.8,30
2025-01-01T14:00:00,Machine 3,72.21,2.512,111.20,1706.9,28
2025-01-01T15:00:00,Machine 3,73.25,2.973,112.72,1716.9,28
2025-01-01T16:00:00,Machine 3,72.55,2.232,111.62,1709.5,30
2025-01-01T17:00:00,Machine 3,69.71,3.155,107.32,1680.7,28
2025-01-01T18:00:00,Machine 3,72.21,2.262,111.02,1705.3,31
2025-01-01T19:00:00,Machine 3,72.35,2.254,111.20,1706.4,28
2025-01-01T20:00:00,Machine 3,71.75,2.844,110.25,1700.0,28
2025-01-01T21:00:00,Machine 3,70.64,2.648,108.54,1688.5,27
2025-01-01T22:00:00,Machine 3,72.12,2.515,110.71,1702.9,30
2025-01-01T23:00:00,Machine 3,69.58,3.027,106.87,1677.2,31
2025-01-02T00:00:00,Machine 3,69.97,2.894,107.41,1680.7,28
2025-01-02T01:00:00,Machine 3,70.34,2.542,107.92,1684.1,31
2025-01-02T02:00:00,Machine 3,72.82,2.269,111.60,1708.5,29
2025-01-02T03:00:00,Machine 3,70.67,3.119,108.32,1686.5,31
2025-01-02T04:00:00,Machine 3,71.61,2.622,109.69,1695.6,30
2025-01-02T05:00:00,Machine 3,71.12,2.278,108.91,1690.3,27
2025-01-02T06:00:00,Machine 3,71.62,2.354,109.62,1695.0,29
2025-01-02T07:00:00,Machine 3,70.10,2.526,107.30,1679.4,28
2025-01-02T08:00:00,Machine 3,73.40,2.926,112.21,1712.0,28
2025-01-02T09:00:00,Machine 3,70.52,2.737,107.84,1682.8,27
2025-01-02T10:00:00,Machine 3,72.91,3.008,111.37,1706.3,27
2025-01-02T11:00:00,Machine 3,71.90,2.249,109.83,1695.9,27
2025-01-02T12:00:00,Machine 3,72.38,2.292,110.50,1700.3,27
2025-01-02T13:00:00,Machine 3,70.82,2.764,108.11,1684.3,30
2025-01-02T14:00:00,Machine 3,73.18,2.870,111.61,1707.5,31
2025-01-02T15:00:00,Machine 3,70.47,2.827,107.50,1680.1,27
2025-01-02T16:00:00,Machine 3,71.53,2.853,109.04,1690.3,30
2025-01-02T17:00:00,Machine 3,71.27,2.406,108.61,1687.3,28
2025-01-02T18:00:00,Machine 3,70.60,2.626,107.57,1680.3,30
2025-01-02T19:00:00,Machine 3,72.68,2.355,110.64,1700.7,28
2025-01-02T20:00:00,Machine 3,70.88,2.942,107.89,1682.3,29
2025-01-02T21:00:00,Machine 3,71.25,2.618,108.40,1685.6,28
2025-01-02T22:00:00,Machine 3,70.94,2.821,107.89,1682.1,29
2025-01-02T23:00:00,Machine 3,70.75,2.502,107.56,1679.8,29
2025-01-03T00:00:00,Machine 3,73.85,2.883,112.17,1710.5,28
2025-01-03T01:00:00,Machine 3,70.19,2.998,106.64,1673.5,28
2025-01-03T02:00:00,Machine 3,70.67,3.242,107.32,1678.0,30
2025-01-03T03:00:00,Machine 3,73.51,2.874,111.53,1706.0,27
2025-01-03T04:00:00,Machine 3,71.53,3.075,108.52,1685.8,30
2025-01-03T05:00:00,Machine 3,70.39,3.208,106.77,1674.0,28
2025-01-03T06:00:00,Machine 3,71.80,3.143,108.84,1687.8,29
2025-01-03T07:00:00,Machine 3,71.45,2.670,108.27,1683.9,28
2025-01-03T08:00:00,Machine 3,74.11,2.484,112.21,1710.1,27
2025-01-03T09:00:00,Machine 3,71.71,2.663,108.57,1685.7,29
2025-01-03T10:00:00,Machine 3,73.30,2.597,110.92,1701.3,29
2025-01-03T11:00:00,Machine 3,73.96,3.165,111.86,1707.5,28
2025-01-03T12:00:00,Machine 3,71.05,2.309,107.45,1678.0,28
2025-01-03T13:00:00,Machine 3,71.10,3.097,107.49,1678.2,29
2025-01-03T14:00:00,Machine 3,73.65,2.687,111.27,1703.3,27
2025-01-03T15:00:00,Machine 3,72.51,2.582,109.51,1691.5,29
2025-01-03T16:00:00,Machine 3,74.08,2.532,111.82,1706.8,28
2025-01-03T17:00:00,Machine 3,70.90,3.245,107.01,1674.6,30
2025-01-03T18:00:00,Machine 3,70.46,2.547,106.30,1669.8,30
2025-01-03T19:00:00,Machine 3,73.80,2.700,111.27,1702.9,27
2025-01-03T20:00:00,Machine 3,72.90,2.665,109.88,1693.5,30
2025-01-03T21:00:00,Machine 3,70.73,3.059,106.57,1671.4,30
2025-01-03T22:00:00,Machine 3,71.36,2.873,107.47,1677.3,30
2025-01-03T23:00:00,Machine 3,71.12,2.991,107.07,1674.6,27
2025-01-04T00:00:00,Machine 3,72.89,3.048,109.69,1691.9,30
2025-01-04T01:00:00,Machine 3,73.27,2.521,110.21,1695.3,29
2025-01-04T02:00:00,Machine 3,72.63,2.516,109.21,1688.5,28
2025-01-04T03:00:00,Machine 3,72.45,3.062,108.89,1686.4,27
2025-01-04T04:00:00,Machine 3,71.14,3.315,106.88,1672.9,27
2025-01-04T05:00:00,Machine 3,73.24,2.795,109.99,1693.5,30
2025-01-04T06:00:00,Machine 3,70.93,2.532,106.48,1670.0,27
2025-01-04T07:00:00,Machine 3,73.61,3.030,110.46,1696.5,28
2025-01-04T08:00:00,Machine 3,74.01,2.903,111.02,1700.1,29
2025-01-04T09:00:00,Machine 3,70.77,2.986,106.11,1667.3,29
2025-01-04T10:00:00,Machine 3,74.34,3.331,111.42,1702.6,28
2025-01-04T11:00:00,Machine 3,73.94,2.641,110.77,1698.2,30
2025-01-04T12:00:00,Machine 3,71.10,2.804,106.47,1669.5,29
2025-01-04T13:00:00,Machine 3,73.87,2.570,110.58,1696.8,30
2025-01-04T14:00:00,Machine 3,72.71,2.844,108.80,1684.9,27
2025-01-04T15:00:00,Machine 3,71.81,2.611,107.41,1675.5,27
2025-01-04T16:00:00,Machine 3,71.50,3.197,106.91,1672.0,27
2025-01-04T17:00:00,Machine 3,72.25,3.262,107.98,1679.1,27
2025-01-04T18:00:00,Machine 3,73.80,3.218,110.27,1694.3,29
2025-01-04T19:00:00,Machine 3,74.85,2.666,111.79,1704.3,27
2025-01-04T20:00:00,Machine 3,72.93,3.316,108.87,1684.8,27
2025-01-04T21:00:00,Machine 3,74.54,2.846,111.24,1700.5,28
2025-01-04T22:00:00,Machine 3,73.88,2.613,110.21,1693.6,30
2025-01-04T23:00:00,Machine 3,73.51,2.884,109.61,1689.5,30
2025-01-05T00:00:00,Machine 3,74.16,3.414,110.54,1695.6,27
2025-01-05T01:00:00,Machine 3,73.07,3.121,108.86,1684.3,27
2025-01-05T02:00:00,Machine 3,72.51,2.538,107.98,1678.4,28
2025-01-05T03:00:00,Machine 3,71.62,2.715,106.60,1669.1,29
2025-01-05T04:00:00,Machine 3,74.59,2.473,111.01,1698.4,29
2025-01-05T05:00:00,Machine 3,73.89,2.858,109.91,1691.0,28
2025-01-05T06:00:00,Machine 3,72.17,3.144,107.30,1673.5,30
2025-01-05T07:00:00,Machine 3,74.81,2.596,111.21,1699.5,29
2025-01-05T08:00:00,Machine 3,71.75,3.369,106.57,1668.5,29
2025-01-05T09:00:00,Machine 3,72.80,2.499,108.10,1678.6,29
2025-01-05T10:00:00,Machine 3,72.30,3.016,107.31,1673.2,28
2025-01-05T11:00:00,Machine 3,74.95,2.985,111.25,1699.4,29
2025-01-05T12:00:00,Machine 3,74.46,3.252,110.46,1694.1,28
2025-01-05T13:00:00,Machine 3,71.37,3.426,105.79,1662.8,27
2025-01-05T14:00:00,Machine 3,73.29,2.876,108.63,1681.7,28
2025-01-05T15:00:00,Machine 3,74.53,3.032,110.45,1693.7,30
2025-01-05T16:00:00,Machine 3,73.57,3.278,108.95,1683.7,30
2025-01-05T17:00:00,Machine 3,72.20,3.342,106.86,1669.6,28
2025-01-05T18:00:00,Machine 3,72.13,3.428,106.71,1668.6,27
2025-01-05T19:00:00,Machine 3,73.03,3.447,108.01,1677.2,27
2025-01-05T20:00:00,Machine 3,75.13,3.341,111.13,1697.8,30
2025-01-05T21:00:00,Machine 3,72.46,3.111,107.07,1670.7,29
2025-01-05T22:00:00,Machine 3,75.32,2.907,111.32,1699.0,29
2025-01-05T23:00:00,Machine 3,72.67,2.635,107.31,1672.1,29
2025-01-06T00:00:00,Machine 3,72.57,2.591,107.11,1670.7,28
2025-01-06T01:00:00,Machine 3,74.89,3.485,110.54,1693.5,26
2025-01-06T02:00:00,Machine 3,73.15,3.083,107.89,1675.7,29
2025-01-06T03:00:00,Machine 3,74.82,3.000,110.34,1692.0,29
2025-01-06T04:00:00,Machine 3,73.96,3.362,109.01,1683.1,29
2025-01-06T05:00:00,Machine 3,73.05,3.319,107.61,1673.7,27
2025-01-06T06:00:00,Machine 3,73.08,3.070,107.60,1673.5,29
2025-01-06T07:00:00,Machine 3,71.95,3.283,105.87,1661.9,27
2025-01-06T08:00:00,Machine 3,72.29,2.615,106.34,1664.9,30
2025-01-06T09:00:00,Machine 3,75.22,3.046,110.69,1693.8,27
2025-01-06T10:00:00,Machine 3,74.30,2.986,109.26,1684.2,28
2025-01-06T11:00:00,Machine 3,72.79,2.935,106.95,1668.8,29
2025-01-06T12:00:00,Machine 3,75.13,3.393,110.41,1691.8,27
2025-01-06T13:00:00,Machine 3,75.13,2.776,110.38,1691.4,27
2025-01-06T14:00:00,Machine 3,72.14,3.479,105.85,1661.2,26
2025-01-06T15:00:00,Machine 3,73.65,2.796,108.07,1675.9,28
2025-01-06T16:00:00,Machine 3,74.71,2.746,109.61,1686.1,28
2025-01-06T17:00:00,Machine 3,72.32,3.500,105.99,1661.9,29
2025-01-06T18:00:00,Machine 3,75.20,3.173,110.26,1690.2,26
2025-01-06T19:00:00,Machine 3,72.28,2.586,105.84,1660.7,30
2025-01-06T20:00:00,Machine 3,73.23,3.140,107.22,1669.8,26
2025-01-06T21:00:00,Machine 3,75.82,3.256,111.06,1695.3,26
2025-01-06T22:00:00,Machine 3,73.23,2.962,107.13,1669.0,29
2025-01-06T23:00:00,Machine 3,74.45,3.273,108.92,1680.9,27
2025-01-07T00:00:00,Machine 3,72.24,2.611,105.56,1658.4,26
2025-01-07T01:00:00,Machine 3,74.64,3.555,109.12,1682.0,28
2025-01-07T02:00:00,Machine 3,75.26,2.796,110.00,1687.9,29
2025-01-07T03:00:00,Machine 3,74.45,3.511,108.74,1679.4,29
2025-01-07T04:00:00,Machine 3,72.87,3.140,106.33,1663.2,26
2025-01-07T05:00:00,Machine 3,74.78,2.983,109.16,1682.0,30
2025-01-07T06:00:00,Machine 3,74.93,2.717,109.33,1683.1,27
2025-01-07T07:00:00,Machine 3,72.87,2.775,106.19,1662.0,27
2025-01-07T08:00:00,Machine 3,72.84,3.316,106.10,1661.4,29
2025-01-07T09:00:00,Machine 3,73.86,2.956,107.59,1671.2,26
2025-01-07T10:00:00,Machine 3,74.33,3.175,108.26,1675.5,26
2025-01-07T11:00:00,Machine 3,73.93,3.143,107.61,1671.2,28
2025-01-07T12:00:00,Machine 3,76.06,2.726,110.77,1692.1,28
2025-01-07T13:00:00,Machine 3,74.72,2.818,108.71,1678.3,27
2025-01-07T14:00:00,Machine 3,74.15,2.810,107.82,1672.3,28
2025-01-07T15:00:00,Machine 3,74.46,2.687,108.23,1674.9,28
2025-01-07T16:00:00,Machine 3,75.86,2.870,110.30,1688.6,27
2025-01-07T17:00:00,Machine 3,75.02,3.398,108.99,1679.8,26
2025-01-07T18:00:00,Machine 3,75.27,3.302,109.31,1681.9,26
2025-01-07T19:00:00,Machine 3,74.84,2.759,108.63,1677.3,28
2025-01-07T20:00:00,Machine 3,74.50,3.241,108.08,1673.5,26
2025-01-07T21:00:00,Machine 3,74.73,3.373,108.38,1675.4,26
2025-01-07T22:00:00,Machine 3,73.16,2.811,105.98,1659.4,28
2025-01-07T23:00:00,Machine 3,73.95,3.365,107.12,1666.9,26
2025-01-08T00:00:00,Machine 3,76.00,3.436,110.15,1687.0,28
2025-01-08T01:00:00,Machine 3,75.62,2.794,109.54,1682.8,27
2025-01-08T02:00:00,Machine 3,75.42,2.844,109.20,1680.5,27
2025-01-08T03:00:00,Machine 3,74.31,2.722,107.48,1669.0,29
2025-01-08T04:00:00,Machine 3,76.47,3.128,110.68,1690.2,28
2025-01-08T05:00:00,Machine 3,76.14,3.469,110.14,1686.5,26
2025-01-08T06:00:00,Machine 3,75.09,2.793,108.52,1675.6,29
2025-01-08T07:00:00,Machine 3,76.00,3.066,109.84,1684.4,28
2025-01-08T08:00:00,Machine 3,73.19,3.314,105.59,1655.9,29
2025-01-08T09:00:00,Machine 3,76.13,3.392,109.95,1684.9,28
2025-01-08T10:00:00,Machine 3,72.93,2.737,105.11,1652.5,27
2025-01-08T11:00:00,Machine 3,74.59,3.422,107.55,1668.7,27
2025-01-08T12:00:00,Machine 3,76.33,3.691,110.12,1685.8,28
2025-01-08T13:00:00,Machine 3,73.08,3.623,105.20,1652.9,28
2025-01-08T14:00:00,Machine 3,76.13,3.545,109.74,1683.1,28
2025-01-08T15:00:00,Machine 3,76.03,3.404,109.53,1681.6,29
2025-01-08T16:00:00,Machine 3,75.63,3.634,108.90,1677.3,27
2025-01-08T17:00:00,Machine 3,75.40,3.145,108.51,1674.6,28
2025-01-08T18:00:00,Machine 3,74.05,3.128,106.44,1660.8,28
2025-01-08T19:00:00,Machine 3,76.36,3.321,109.86,1683.5,28
2025-01-08T20:00:00,Machine 3,73.61,2.957,105.70,1655.6,26
2025-01-08T21:00:00,Machine 3,75.91,2.757,109.09,1678.2,27
2025-01-08T22:00:00,Machine 3,76.93,3.359,110.59,1688.1,28
2025-01-08T23:00:00,Machine 3,75.12,3.602,107.83,1669.6,26
2025-01-09T00:00:00,Machine 3,74.13,3.638,106.29,1659.3,29
2025-01-09T01:00:00,Machine 3,76.28,3.548,109.48,1680.5,26
2025-01-09T02:00:00,Machine 3,77.02,3.681,110.55,1687.5,29
2025-01-09T03:00:00,Machine 3,74.77,2.939,107.13,1664.6,27
2025-01-09T04:00:00,Machine 3,74.04,2.827,105.98,1656.9,29
2025-01-09T05:00:00,Machine 3,75.27,3.536,107.78,1668.8,27
2025-01-09T06:00:00,Machine 3,74.81,3.426,107.05,1663.8,29
2025-01-09T07:00:00,Machine 3,74.95,3.167,107.22,1664.9,28
2025-01-09T08:00:00,Machine 3,75.70,3.592,108.30,1672.0,27
2025-01-09T09:00:00,Machine 3,76.90,2.990,110.06,1683.6,29
2025-01-09T10:00:00,Machine 3,73.43,2.881,104.81,1648.5,27
2025-01-09T11:00:00,Machine 3,75.19,3.235,107.41,1665.8,28
2025-01-09T12:00:00,Machine 3,75.52,3.636,107.86,1668.7,25
2025-01-09T13:00:00,Machine 3,76.21,2.961,108.85,1675.2,26
2025-01-09T14:00:00,Machine 3,73.62,3.343,104.92,1649.0,27
2025-01-09T15:00:00,Machine 3,73.46,3.157,104.64,1647.0,28
2025-01-09T16:00:00,Machine 3,74.51,3.353,106.17,1657.1,26
2025-01-09T17:00:00,Machine 3,74.07,3.370,105.46,1652.3,26
2025-01-09T18:00:00,Machine 3,73.81,3.658,105.02,1649.3,27
2025-01-09T19:00:00,Machine 3,74.75,3.467,106.40,1658.4,28
2025-01-09T20:00:00,Machine 3,76.36,3.298,108.77,1674.1,27
2025-01-09T21:00:00,Machine 3,74.68,3.624,106.20,1656.9,26
2025-01-09T22:00:00,Machine 3,76.01,3.776,108.15,1669.8,28
2025-01-09T23:00:00,Machine 3,73.66,3.144,104.59,1646.0,26
2025-01-10T00:00:00,Machine 3,73.93,3.038,104.95,1648.3,26
2025-01-10T01:00:00,Machine 3,74.11,3.583,105.16,1649.7,26
2025-01-10T02:00:00,Machine 3,76.11,2.901,108.13,1669.4,29
2025-01-10T03:00:00,Machine 3,73.70,2.885,104.46,1644.8,28
2025-01-10T04:00:00,Machine 3,74.46,3.454,105.56,1652.1,27
2025-01-10T05:00:00,Machine 3,75.88,3.797,107.66,1666.0,26
2025-01-10T06:00:00,Machine 3,76.07,3.781,107.89,1667.4,27
2025-01-10T07:00:00,Machine 3,73.80,2.845,104.44,1644.3,25
2025-01-10T08:00:00,Machine 3,76.45,3.562,108.37,1670.5,28
2025-01-10T09:00:00,Machine 3,74.77,3.398,105.81,1653.3,28
2025-01-10T10:00:00,Machine 3,74.45,3.801,105.28,1649.7,26
2025-01-10T11:00:00,Machine 3,74.24,3.851,104.93,1647.3,26
2025-01-10T12:00:00,Machine 3,76.52,2.922,108.30,1669.7,26
2025-01-10T13:00:00,Machine 3,74.17,3.598,104.73,1645.8,27
2025-01-10T14:00:00,Machine 3,76.36,3.183,107.98,1667.4,27
2025-01-10T15:00:00,Machine 3,76.13,2.957,107.59,1664.7,26
2025-01-10T16:00:00,Machine 3,77.53,3.315,109.64,1678.3,25
2025-01-10T17:00:00,Machine 3,74.68,3.324,105.33,1649.4,26
2025-01-10T18:00:00,Machine 3,74.51,3.076,105.03,1647.3,26
2025-01-10T19:00:00,Machine 3,77.04,3.699,108.77,1672.2,26
2025-01-10T20:00:00,Machine 3,77.22,3.756,109.01,1673.7,28
2025-01-10T21:00:00,Machine 3,75.15,3.072,105.86,1652.7,28
2025-01-10T22:00:00,Machine 3,76.20,3.080,107.39,1662.8,25
2025-01-10T23:00:00,Machine 3,75.44,3.188,106.21,1654.8,26
2025-01-11T00:00:00,Machine 3,76.84,3.642,108.26,1668.4,28
2025-01-11T01:00:00,Machine 3,77.00,3.557,108.45,1669.6,28
2025-01-11T02:00:00,Machine 3,76.40,3.501,107.52,1663.3,26
2025-01-11T03:00:00,Machine 3,76.11,3.837,107.04,1660.0,26
2025-01-11T04:00:00,Machine 3,75.39,3.546,105.92,1652.4,27
2025-01-11T05:00:00,Machine 3,77.31,3.706,108.75,1671.2,26
2025-01-11T06:00:00,Machine 3,77.74,3.168,109.34,1675.1,26
2025-01-11T07:00:00,Machine 3,76.78,3.703,107.87,1665.2,26
2025-01-11T08:00:00,Machine 3,75.98,3.284,106.62,1656.8,25
2025-01-11T09:00:00,Machine 3,76.71,3.480,107.68,1663.8,25
2025-01-11T10:00:00,Machine 3,76.24,3.135,106.92,1658.7,24
2025-01-11T11:00:00,Machine 3,74.67,3.257,104.52,1642.6,26
2025-01-11T12:00:00,Machine 3,74.43,3.475,104.11,1639.8,28
2025-01-11T13:00:00,Machine 3,76.37,3.548,106.98,1658.8,26
2025-01-11T14:00:00,Machine 3,77.71,3.795,108.95,1671.8,26
2025-01-11T15:00:00,Machine 3,76.85,3.008,107.61,1662.8,25
2025-01-11T16:00:00,Machine 3,75.52,3.311,105.59,1649.2,28
2025-01-11T17:00:00,Machine 3,77.40,3.381,108.36,1667.6,25
2025-01-11T18:00:00,Machine 3,77.07,3.605,107.82,1664.0,27
2025-01-11T19:00:00,Machine 3,75.20,3.575,104.96,1644.8,25
2025-01-11T20:00:00,Machine 3,75.51,3.422,105.39,1647.6,27
2025-01-11T21:00:00,Machine 3,78.20,3.357,109.38,1674.1,27
2025-01-11T22:00:00,Machine 3,74.50,3.628,103.79,1636.8,27
2025-01-11T23:00:00,Machine 3,75.19,3.111,104.78,1643.3,26
2025-01-12T00:00:00,Machine 3,75.94,3.277,105.86,1650.4,25
2025-01-12T01:00:00,Machine 3,76.12,3.679,106.09,1651.9,24
2025-01-12T02:00:00,Machine 3,75.77,3.916,105.51,1647.9,26
2025-01-12T03:00:00,Machine 3,75.89,3.115,105.65,1648.7,27
2025-01-12T04:00:00,Machine 3,76.08,3.694,105.89,1650.3,25
2025-01-12T05:00:00,Machine 3,75.16,3.551,104.47,1640.7,25
2025-01-12T06:00:00,Machine 3,76.83,3.102,106.93,1657.0,27
2025-01-12T07:00:00,Machine 3,77.09,3.606,107.27,1659.2,28
2025-01-12T08:00:00,Machine 3,76.84,3.553,106.85,1656.4,28
2025-01-12T09:00:00,Machine 3,75.36,3.501,104.60,1641.2,26
2025-01-12T10:00:00,Machine 3,75.37,4.003,104.57,1641.0,26
2025-01-12T11:00:00,Machine 3,78.57,3.567,109.32,1672.6,25
2025-01-12T12:00:00,Machine 3,77.03,3.844,106.97,1656.8,27
2025-01-12T13:00:00,Machine 3,75.29,3.952,104.32,1639.0,27
2025-01-12T14:00:00,Machine 3,75.49,3.731,104.58,1640.7,27
2025-01-12T15:00:00,Machine 3,75.53,3.908,104.59,1640.7,27
2025-01-12T16:00:00,Machine 3,75.73,3.866,104.85,1642.3,26
2025-01-12T17:00:00,Machine 3,76.19,3.970,105.49,1646.5,26
2025-01-12T18:00:00,Machine 3,77.12,4.038,106.84,1655.4,26
2025-01-12T19:00:00,Machine 3,77.20,3.116,106.92,1655.9,25
2025-01-12T20:00:00,Machine 3,77.32,3.973,107.05,1656.7,27
2025-01-12T21:00:00,Machine 3,75.98,3.755,104.99,1642.9,26
2025-01-12T22:00:00,Machine 3,76.41,3.664,105.61,1646.9,26
2025-01-12T23:00:00,Machine 3,76.71,3.689,106.00,1649.4,27
2025-01-13T00:00:00,Machine 3,78.31,3.585,108.37,1665.1,25
2025-01-13T01:00:00,Machine 3,77.47,3.894,107.07,1656.4,25
2025-01-13T02:00:00,Machine 3,78.10,3.913,107.96,1662.2,25
2025-01-13T03:00:00,Machine 3,78.09,3.813,107.90,1661.7,25
2025-01-13T04:00:00,Machine 3,75.28,3.531,103.65,1633.3,25
2025-01-13T05:00:00,Machine 3,75.31,3.205,103.64,1633.2,25
2025-01-13T06:00:00,Machine 3,76.38,4.059,105.20,1643.5,27
2025-01-13T07:00:00,Machine 3,78.92,3.383,108.97,1668.6,27
2025-01-13T08:00:00,Machine 3,75.78,3.120,104.22,1636.8,27
2025-01-13T09:00:00,Machine 3,76.66,4.060,105.50,1645.2,24
2025-01-13T10:00:00,Machine 3,76.23,3.829,104.80,1640.5,24
2025-01-13T11:00:00,Machine 3,75.95,3.780,104.35,1637.4,25
2025-01-13T12:00:00,Machine 3,76.44,3.330,105.03,1641.9,25
2025-01-13T13:00:00,Machine 3,79.05,3.222,108.91,1667.7,25
2025-01-13T14:00:00,Machine 3,76.29,3.608,104.72,1639.6,24
2025-01-13T15:00:00,Machine 3,79.09,3.128,108.88,1667.3,24
2025-01-13T16:00:00,Machine 3,78.76,4.046,108.33,1663.6,25
2025-01-13T17:00:00,Machine 3,77.33,3.795,106.15,1648.9,27
2025-01-13T18:00:00,Machine 3,77.13,3.999,105.81,1646.6,26
2025-01-13T19:00:00,Machine 3,78.54,3.198,107.88,1660.3,24
2025-01-13T20:00:00,Machine 3,77.72,3.411,106.60,1651.7,26
2025-01-13T21:00:00,Machine 3,78.13,3.241,107.18,1655.4,27
2025-01-13T22:00:00,Machine 3,79.12,3.691,108.62,1665.0,27
2025-01-13T23:00:00,Machine 3,76.22,3.157,104.23,1635.6,24
2025-01-14T00:00:00,Machine 3,79.40,3.773,108.95,1667.0,25
2025-01-14T01:00:00,Machine 3,78.04,3.751,106.86,1653.0,24
2025-01-14T02:00:00,Machine 3,77.34,3.990,105.77,1645.6,25
2025-01-14T03:00:00,Machine 3,75.95,3.810,103.64,1631.4,26
2025-01-14T04:00:00,Machine 3,79.30,3.749,108.62,1664.5,26
2025-01-14T05:00:00,Machine 3,79.39,3.919,108.71,1665.0,27
2025-01-14T06:00:00,Machine 3,78.63,4.021,107.54,1657.1,27
2025-01-14T07:00:00,Machine 3,78.51,4.153,107.31,1655.5,26
2025-01-14T08:00:00,Machine 3,77.68,3.587,106.03,1646.8,24
2025-01-14T09:00:00,Machine 3,79.15,3.570,108.18,1661.1,25
2025-01-14T10:00:00,Machine 3,77.10,3.949,105.06,1640.2,25
2025-01-14T11:00:00,Machine 3,77.43,3.735,105.52,1643.2,25
2025-01-14T12:00:00,Machine 3,78.24,3.202,106.68,1650.9,26
2025-01-14T13:00:00,Machine 3,76.89,3.469,104.61,1637.0,24
2025-01-14T14:00:00,Machine 3,76.26,3.202,103.63,1630.4,27
2025-01-14T15:00:00,Machine 3,79.14,3.953,107.91,1658.8,25
2025-01-14T16:00:00,Machine 3,76.60,3.928,104.05,1633.0,24
2025-01-14T17:00:00,Machine 3,76.09,3.882,103.24,1627.5,25
2025-01-14T18:00:00,Machine 3,78.11,4.126,106.23,1647.3,27
2025-01-14T19:00:00,Machine 3,79.06,3.873,107.61,1656.5,25
2025-01-14T20:00:00,Machine 3,77.03,3.216,104.51,1635.8,26
2025-01-14T21:00:00,Machine 3,79.04,3.416,107.49,1655.5,27
2025-01-14T22:00:00,Machine 3,78.20,4.077,106.19,1646.8,25
2025-01-14T23:00:00,Machine 3,77.99,3.352,105.83,1644.3,26
2025-01-15T00:00:00,Machine 3,79.75,3.345,108.42,1661.5,27
2025-01-15T01:00:00,Machine 3,79.50,3.521,108.01,1658.7,25
2025-01-15T02:00:00,Machine 3,76.22,3.520,103.04,1625.4,27
2025-01-15T03:00:00,Machine 3,76.96,3.855,104.11,1632.5,25
2025-01-15T04:00:00,Machine 3,76.28,3.704,103.04,1625.3,27
2025-01-15T05:00:00,Machine 3,78.67,4.095,106.58,1648.8,24
2025-01-15T06:00:00,Machine 3,76.93,3.442,103.94,1631.1,26
2025-01-15T07:00:00,Machine 3,78.94,3.544,106.90,1650.7,26
2025-01-15T08:00:00,Machine 3,78.27,3.431,105.86,1643.7,25
2025-01-15T09:00:00,Machine 3,77.28,3.337,104.32,1633.4,24
2025-01-15T10:00:00,Machine 3,77.37,3.677,104.42,1634.0,25
2025-01-15T11:00:00,Machine 3,80.20,3.748,108.63,1661.9,23
2025-01-15T12:00:00,Machine 3,78.78,3.327,106.44,1647.3,24
2025-01-15T13:00:00,Machine 3,79.16,4.001,106.98,1650.8,27
2025-01-15T14:00:00,Machine 3,76.41,3.452,102.80,1622.8,26
2025-01-15T15:00:00,Machine 3,77.90,3.590,105.00,1637.4,27
2025-01-15T16:00:00,Machine 3,77.05,3.934,103.68,1628.5,25
2025-01-15T17:00:00,Machine 3,76.46,3.393,102.75,1622.3,24
2025-01-15T18:00:00,Machine 3,77.92,4.197,104.90,1636.5,25
2025-01-15T19:00:00,Machine 3,77.68,3.995,104.50,1633.7,27
2025-01-15T20:00:00,Machine 3,80.13,3.673,108.13,1657.8,26
2025-01-15T21:00:00,Machine 3,79.94,4.079,107.79,1655.5,27
2025-01-15T22:00:00,Machine 3,79.56,3.478,107.17,1651.3,24
2025-01-15T23:00:00,Machine 3,77.42,3.845,103.93,1629.6,25
2025-01-16T00:00:00,Machine 3,80.43,3.366,108.40,1659.3,23
2025-01-16T01:00:00,Machine 3,78.78,3.968,105.87,1642.4,27
2025-01-16T02:00:00,Machine 3,78.77,3.640,105.81,1641.9,26
2025-01-16T03:00:00,Machine 3,76.62,4.227,102.56,1620.1,27
2025-01-16T04:00:00,Machine 3,76.78,3.515,102.74,1621.3,27
2025-01-16T05:00:00,Machine 3,79.66,3.403,107.02,1649.7,25
2025-01-16T06:00:00,Machine 3,78.15,3.465,104.71,1634.2,25
2025-01-16T07:00:00,Machine 3,78.44,3.840,105.10,1636.8,25
2025-01-16T08:00:00,Machine 3,77.57,4.047,103.75,1627.7,26
2025-01-16T09:00:00,Machine 3,78.83,4.200,105.61,1640.0,23
2025-01-16T10:00:00,Machine 3,80.44,3.348,107.97,1655.7,27
2025-01-16T11:00:00,Machine 3,80.05,4.283,107.34,1651.4,26
2025-01-16T12:00:00,Machine 3,80.21,3.439,107.54,1652.6,25
2025-01-16T13:00:00,Machine 3,79.43,3.927,106.32,1644.4,23
2025-01-16T14:00:00,Machine 3,77.14,4.178,102.84,1621.1,25
2025-01-16T15:00:00,Machine 3,79.55,4.333,106.42,1644.9,26
2025-01-16T16:00:00,Machine 3,79.22,3.504,105.88,1641.2,23
2025-01-16T17:00:00,Machine 3,77.56,3.744,103.35,1624.2,23
2025-01-16T18:00:00,Machine 3,78.92,3.831,105.35,1637.5,24
2025-01-16T19:00:00,Machine 3,80.90,3.974,108.26,1656.8,26
2025-01-16T20:00:00,Machine 3,78.69,3.620,104.90,1634.4,23
2025-01-16T21:00:00,Machine 3,79.54,3.946,106.14,1642.5,26
2025-01-16T22:00:00,Machine 3,79.11,4.009,105.45,1637.9,24
2025-01-16T23:00:00,Machine 3,79.01,3.810,105.26,1636.5,23
2025-01-17T00:00:00,Machine 3,79.58,3.999,106.06,1641.8,26
2025-01-17T01:00:00,Machine 3,78.11,3.418,103.81,1626.7,26
2025-01-17T02:00:00,Machine 3,79.67,3.950,106.12,1642.0,25
2025-01-17T03:00:00,Machine 3,80.83,3.629,107.82,1653.2,24
2025-01-17T04:00:00,Machine 3,78.56,3.648,104.37,1630.1,23
2025-01-17T05:00:00,Machine 3,79.81,4.275,106.19,1642.2,23
2025-01-17T06:00:00,Machine 3,78.94,3.681,104.85,1633.2,26
2025-01-17T07:00:00,Machine 3,78.21,3.938,103.70,1625.4,26
2025-01-17T08:00:00,Machine 3,78.78,3.542,104.52,1630.8,25
2025-01-17T09:00:00,Machine 3,80.26,4.139,106.70,1645.2,24
2025-01-17T10:00:00,Machine 3,79.81,3.956,105.98,1640.4,25
2025-01-17T11:00:00,Machine 3,80.95,4.405,107.65,1651.4,24
2025-01-17T12:00:00,Machine 3,79.74,3.760,105.79,1638.9,24
2025-01-17T13:00:00,Machine 3,77.71,3.667,102.69,1618.2,25
2025-01-17T14:00:00,Machine 3,77.72,4.191,102.66,1617.9,24
2025-01-17T15:00:00,Machine 3,79.40,4.070,105.14,1634.4,26
2025-01-17T16:00:00,Machine 3,80.94,3.634,107.41,1649.4,25
2025-01-17T17:00:00,Machine 3,80.04,3.888,106.02,1640.0,24
2025-01-17T18:00:00,Machine 3,79.93,3.482,105.81,1638.6,25
2025-01-17T19:00:00,Machine 3,80.55,4.378,106.69,1644.4,24
2025-01-17T20:00:00,Machine 3,78.87,3.591,104.12,1627.2,24
2025-01-17T21:00:00,Machine 3,78.51,3.932,103.54,1623.2,24
2025-01-17T22:00:00,Machine 3,78.16,4.326,102.97,1619.3,25
2025-01-17T23:00:00,Machine 3,78.12,3.647,102.88,1618.6,23
2025-01-18T00:00:00,Machine 3,77.64,3.594,102.12,1613.4,25
2025-01-18T01:00:00,Machine 3,78.61,3.979,103.53,1622.8,26
2025-01-18T02:00:00,Machine 3,77.58,4.208,101.94,1612.1,26
2025-01-18T03:00:00,Machine 3,80.93,3.865,106.92,1645.2,23
2025-01-18T04:00:00,Machine 3,79.75,4.312,105.10,1633.0,26
2025-01-18T05:00:00,Machine 3,78.18,4.068,102.70,1616.9,24
2025-01-18T06:00:00,Machine 3,78.73,3.987,103.49,1622.1,24
2025-01-18T07:00:00,Machine 3,81.46,4.233,107.54,1649.0,26
2025-01-18T08:00:00,Machine 3,81.07,3.638,106.91,1644.7,23
2025-01-18T09:00:00,Machine 3,77.94,4.009,102.16,1613.0,23
2025-01-18T10:00:00,Machine 3,80.42,4.429,105.84,1637.4,24
2025-01-18T11:00:00,Machine 3,81.21,3.634,106.99,1645.0,24
2025-01-18T12:00:00,Machine 3,77.76,3.889,101.76,1610.1,23
2025-01-18T13:00:00,Machine 3,78.22,3.770,102.42,1614.4,24
2025-01-18T14:00:00,Machine 3,79.13,3.593,103.73,1623.0,23
2025-01-18T15:00:00,Machine 3,78.27,3.871,102.40,1614.1,26
2025-01-18T16:00:00,Machine 3,80.07,4.059,105.06,1631.7,25
2025-01-18T17:00:00,Machine 3,80.68,3.670,105.92,1637.4,24
2025-01-18T18:00:00,Machine 3,80.47,4.472,105.56,1634.9,24
2025-01-18T19:00:00,Machine 3,80.48,4.489,105.54,1634.7,25
2025-01-18T20:00:00,Machine 3,78.03,3.629,101.82,1609.8,23
2025-01-18T21:00:00,Machine 3,80.18,3.764,105.00,1630.9,26
2025-01-18T22:00:00,Machine 3,80.93,3.942,106.08,1638.0,26
2025-01-18T23:00:00,Machine 3,80.73,3.625,105.73,1635.6,23
2025-01-19T00:00:00,Machine 3,79.75,4.474,104.23,1625.5,23
2025-01-19T01:00:00,Machine 3,78.20,4.307,101.85,1609.6,25
2025-01-19T02:00:00,Machine 3,78.55,3.941,102.34,1612.8,25
2025-01-19T03:00:00,Machine 3,78.30,3.838,101.92,1609.9,22
2025-01-19T04:00:00,Machine 3,79.27,3.938,103.33,1619.2,25
2025-01-19T05:00:00,Machine 3,80.03,4.433,104.42,1626.4,23
2025-01-19T06:00:00,Machine 3,78.62,4.099,102.26,1611.9,25
2025-01-19T07:00:00,Machine 3,79.73,4.092,103.89,1622.7,25
2025-01-19T08:00:00,Machine 3,81.44,4.556,106.40,1639.4,25
2025-01-19T09:00:00,Machine 3,80.14,4.347,104.41,1626.0,24
2025-01-19T10:00:00,Machine 3,81.97,4.268,107.11,1643.9,26
2025-01-19T11:00:00,Machine 3,81.85,4.120,106.90,1642.4,23
2025-01-19T12:00:00,Machine 3,78.37,4.051,101.64,1607.2,24
2025-01-19T13:00:00,Machine 3,78.60,4.450,101.93,1609.1,23
2025-01-19T14:00:00,Machine 3,81.28,4.094,105.90,1635.5,22
2025-01-19T15:00:00,Machine 3,81.17,3.601,105.70,1634.1,24
2025-01-19T16:00:00,Machine 3,82.32,4.289,107.37,1645.2,24
2025-01-19T17:00:00,Machine 3,80.22,4.145,104.18,1623.8,24
2025-01-19T18:00:00,Machine 3,81.21,3.898,105.63,1633.4,24
2025-01-19T19:00:00,Machine 3,79.59,3.695,103.15,1616.8,23
2025-01-19T20:00:00,Machine 3,81.66,4.527,106.21,1637.1,25
2025-01-19T21:00:00,Machine 3,81.18,4.158,105.46,1632.0,24
2025-01-19T22:00:00,Machine 3,80.00,3.826,103.64,1619.8,22
2025-01-19T23:00:00,Machine 3,79.20,4.432,102.40,1611.4,23
2025-01-20T00:00:00,Machine 3,80.55,3.791,104.37,1624.5,26
2025-01-20T01:00:00,Machine 3,82.39,4.314,107.10,1642.6,24
2025-01-20T02:00:00,Machine 3,79.51,4.272,102.73,1613.3,24
2025-01-20T03:00:00,Machine 3,79.67,3.695,102.93,1614.6,22
2025-01-20T04:00:00,Machine 3,82.52,4.623,107.15,1642.7,24
2025-01-20T05:00:00,Machine 3,79.74,4.086,102.94,1614.5,24
2025-01-20T06:00:00,Machine 3,79.37,4.524,102.34,1610.4,23
2025-01-20T07:00:00,Machine 3,79.57,3.872,102.60,1612.1,25
2025-01-20T08:00:00,Machine 3,80.35,3.786,103.73,1619.5,23
2025-01-20T09:00:00,Machine 3,82.51,4.117,106.93,1640.8,22
2025-01-20T10:00:00,Machine 3,82.27,3.784,106.51,1637.9,22
2025-01-20T11:00:00,Machine 3,80.59,4.284,103.96,1620.8,23
2025-01-20T12:00:00,Machine 3,80.02,4.101,103.06,1614.7,24
2025-01-20T13:00:00,Machine 3,80.01,4.029,103.00,1614.2,24
2025-01-20T14:00:00,Machine 3,82.38,3.736,106.51,1637.6,22
2025-01-20T15:00:00,Machine 3,80.56,3.733,103.73,1618.9,25
2025-01-20T16:00:00,Machine 3,81.25,4.297,104.72,1625.5,24
2025-01-20T17:00:00,Machine 3,81.64,3.798,105.27,1629.0,24
2025-01-20T18:00:00,Machine 3,81.56,3.803,105.11,1627.9,22
2025-01-20T19:00:00,Machine 3,79.32,3.890,101.69,1605.0,23
2025-01-20T20:00:00,Machine 3,79.89,4.198,102.51,1610.4,24
2025-01-20T21:00:00,Machine 3,82.64,4.166,106.60,1637.6,25
2025-01-20T22:00:00,Machine 3,80.28,4.670,103.01,1613.5,25
2025-01-20T23:00:00,Machine 3,80.22,4.509,102.88,1612.6,25
2025-01-21T00:00:00,Machine 3,80.68,4.437,103.53,1616.8,22
2025-01-21T01:00:00,Machine 3,79.76,3.851,102.10,1607.2,25
2025-01-21T02:00:00,Machine 3,81.96,3.709,105.35,1628.8,25
2025-01-21T03:00:00,Machine 3,80.92,4.338,103.75,1618.1,24
2025-01-21T04:00:00,Machine 3,80.24,4.083,102.68,1610.9,22
2025-01-21T05:00:00,Machine 3,81.40,4.197,104.37,1622.1,25
2025-01-21T06:00:00,Machine 3,79.99,4.555,102.22,1607.6,24
2025-01-21T07:00:00,Machine 3,82.43,4.003,105.83,1631.6,22
2025-01-21T08:00:00,Machine 3,79.82,4.406,101.88,1605.2,23
2025-01-21T09:00:00,Machine 3,79.77,4.127,101.76,1604.3,25
2025-01-21T10:00:00,Machine 3,81.29,3.880,103.99,1619.1,25
2025-01-21T11:00:00,Machine 3,82.36,4.583,105.56,1629.5,22
2025-01-21T12:00:00,Machine 3,80.23,4.383,102.32,1607.8,25
2025-01-21T13:00:00,Machine 3,80.32,3.883,102.41,1608.3,23
2025-01-21T14:00:00,Machine 3,80.56,4.245,102.73,1610.4,22
2025-01-21T15:00:00,Machine 3,82.04,4.061,104.91,1624.8,25
2025-01-21T16:00:00,Machine 3,80.76,4.351,102.94,1611.6,23
2025-01-21T17:00:00,Machine 3,82.55,4.069,105.59,1629.2,23
2025-01-21T18:00:00,Machine 3,81.78,4.108,104.39,1621.1,23
2025-01-21T19:00:00,Machine 3,79.59,4.492,101.05,1598.7,22
2025-01-21T20:00:00,Machine 3,83.22,4.321,106.46,1634.7,22
2025-01-21T21:00:00,Machine 3,79.71,4.615,101.15,1599.2,23
2025-01-21T22:00:00,Machine 3,80.33,4.535,102.04,1605.1,25
2025-01-21T23:00:00,Machine 3,80.02,4.650,101.53,1601.6,23
2025-01-22T00:00:00,Machine 3,82.06,4.778,104.54,1621.6,23
2025-01-22T01:00:00,Machine 3,80.90,3.904,102.75,1609.6,25
2025-01-22T02:00:00,Machine 3,81.36,4.121,103.40,1613.8,23
2025-01-22T03:00:00,Machine 3,79.80,4.687,101.02,1597.9,21
2025-01-22T04:00:00,Machine 3,81.71,4.405,103.84,1616.6,24
2025-01-22T05:00:00,Machine 3,82.53,4.790,105.03,1624.4,25
2025-01-22T06:00:00,Machine 3,82.05,4.726,104.26,1619.2,24
2025-01-22T07:00:00,Machine 3,81.30,4.421,103.09,1611.4,21
2025-01-22T08:00:00,Machine 3,81.83,4.060,103.85,1616.3,25
2025-01-22T09:00:00,Machine 3,82.09,3.894,104.19,1618.5,21
2025-01-22T10:00:00,Machine 3,80.97,4.035,102.46,1606.9,23
2025-01-22T11:00:00,Machine 3,83.53,4.124,106.27,1632.2,23
2025-01-22T12:00:00,Machine 3,80.76,4.362,102.07,1604.1,25
2025-01-22T13:00:00,Machine 3,81.86,3.856,103.67,1614.7,22
2025-01-22T14:00:00,Machine 3,82.12,4.762,104.02,1616.9,25
2025-01-22T15:00:00,Machine 3,81.35,4.306,102.82,1608.9,25
2025-01-22T16:00:00,Machine 3,81.17,4.739,102.51,1606.7,25
2025-01-22T17:00:00,Machine 3,83.03,4.832,105.25,1624.9,21
2025-01-22T18:00:00,Machine 3,83.10,4.581,105.31,1625.2,24
2025-01-22T19:00:00,Machine 3,83.49,4.463,105.85,1628.8,22
2025-01-22T20:00:00,Machine 3,81.83,4.279,103.32,1611.8,21
2025-01-22T21:00:00,Machine 3,81.52,4.286,102.81,1608.3,25
2025-01-22T22:00:00,Machine 3,83.38,4.840,105.55,1626.5,22
2025-01-22T23:00:00,Machine 3,80.39,4.274,101.03,1596.3,23
2025-01-23T00:00:00,Machine 3,82.25,4.547,103.78,1614.5,22
2025-01-23T01:00:00,Machine 3,82.50,4.131,104.10,1616.6,23
2025-01-23T02:00:00,Machine 3,83.70,4.457,105.86,1628.2,24
2025-01-23T03:00:00,Machine 3,83.32,3.889,105.25,1624.1,22
2025-01-23T04:00:00,Machine 3,83.07,4.226,104.82,1621.2,21
2025-01-23T05:00:00,Machine 3,80.77,4.317,101.34,1597.8,21
2025-01-23T06:00:00,Machine 3,81.81,4.250,102.85,1607.8,23
2025-01-23T07:00:00,Machine 3,80.60,3.903,101.00,1595.4,24
2025-01-23T08:00:00,Machine 3,81.77,4.370,102.71,1606.7,21
2025-01-23T09:00:00,Machine 3,82.99,4.167,104.49,1618.5,23
2025-01-23T10:00:00,Machine 3,81.99,4.606,102.94,1608.1,22
2025-01-23T11:00:00,Machine 3,80.42,4.120,100.55,1592.1,24
2025-01-23T12:00:00,Machine 3,82.19,4.867,103.16,1609.4,23
2025-01-23T13:00:00,Machine 3,81.35,4.067,101.86,1600.6,23
2025-01-23T14:00:00,Machine 3,80.88,4.514,101.10,1595.5,22
2025-01-23T15:00:00,Machine 3,81.75,3.941,102.37,1603.9,24
2025-01-23T16:00:00,Machine 3,82.37,4.804,103.26,1609.7,22
2025-01-23T17:00:00,Machine 3,82.23,4.004,103.01,1608.0,24
2025-01-23T18:00:00,Machine 3,83.79,4.333,105.30,1623.2,24
2025-01-23T19:00:00,Machine 3,82.95,4.771,103.99,1614.4,21
2025-01-23T20:00:00,Machine 3,82.72,4.815,103.60,1611.7,24
2025-01-23T21:00:00,Machine 3,83.17,4.163,104.24,1615.8,24
2025-01-23T22:00:00,Machine 3,81.99,4.478,102.43,1603.7,24
2025-01-23T23:00:00,Machine 3,84.17,4.185,105.65,1625.1,22
2025-01-24T00:00:00,Machine 3,84.50,4.118,106.10,1628.0,22
2025-01-24T01:00:00,Machine 3,82.57,4.252,103.17,1608.4,22
2025-01-24T02:00:00,Machine 3,83.42,4.582,104.39,1616.4,22
2025-01-24T03:00:00,Machine 3,81.70,4.691,101.77,1598.9,24
2025-01-24T04:00:00,Machine 3,82.96,4.101,103.62,1611.1,22
2025-01-24T05:00:00,Machine 3,83.43,4.403,104.28,1615.5,21
2025-01-24T06:00:00,Machine 3,84.57,4.043,105.95,1626.5,24
2025-01-24T07:00:00,Machine 3,81.54,4.292,101.36,1595.8,21
2025-01-24T08:00:00,Machine 3,83.16,4.813,103.74,1611.6,21
2025-01-24T09:00:00,Machine 3,82.51,4.218,102.73,1604.8,21
2025-01-24T10:00:00,Machine 3,83.25,4.739,103.78,1611.7,24
2025-01-24T11:00:00,Machine 3,83.68,4.087,104.39,1615.7,22
2025-01-24T12:00:00,Machine 3,81.83,4.175,101.57,1596.8,24
2025-01-24T13:00:00,Machine 3,83.66,4.518,104.27,1614.7,23
2025-01-24T14:00:00,Machine 3,84.45,4.796,105.42,1622.3,21
2025-01-24T15:00:00,Machine 3,81.77,4.672,101.35,1595.1,24
2025-01-24T16:00:00,Machine 3,84.63,3.995,105.60,1623.3,22
2025-01-24T17:00:00,Machine 3,81.39,4.787,100.70,1590.6,23
2025-01-24T18:00:00,Machine 3,81.97,4.155,101.52,1596.0,20
2025-01-24T19:00:00,Machine 3,81.40,4.330,100.62,1589.9,22
2025-01-24T20:00:00,Machine 3,84.72,4.694,105.56,1622.7,23
2025-01-24T21:00:00,Machine 3,83.64,4.319,103.89,1611.5,23
2025-01-24T22:00:00,Machine 3,82.34,4.148,101.90,1598.1,23
2025-01-24T23:00:00,Machine 3,84.83,4.294,105.59,1622.7,24
2025-01-25T00:00:00,Machine 3,81.62,4.360,100.72,1590.2,21
2025-01-25T01:00:00,Machine 3,84.80,4.553,105.45,1621.6,21
2025-01-25T02:00:00,Machine 3,81.10,4.643,99.86,1584.2,21
2025-01-25T03:00:00,Machine 3,81.93,4.799,101.06,1592.2,21
2025-01-25T04:00:00,Machine 3,83.23,4.954,102.97,1604.8,21
2025-01-25T05:00:00,Machine 3,82.53,4.135,101.87,1597.4,23
2025-01-25T06:00:00,Machine 3,82.03,4.682,101.08,1592.0,21
2025-01-25T07:00:00,Machine 3,83.67,4.595,103.50,1608.1,23
2025-01-25T08:00:00,Machine 3,81.86,4.510,100.74,1589.6,21
2025-01-25T09:00:00,Machine 3,82.48,4.382,101.63,1595.4,22
2025-01-25T10:00:00,Machine 3,84.73,4.792,104.95,1617.5,21
2025-01-25T11:00:00,Machine 3,81.82,4.425,100.55,1588.1,23
2025-01-25T12:00:00,Machine 3,84.96,4.112,105.21,1619.1,21
2025-01-25T13:00:00,Machine 3,82.59,5.055,101.62,1595.1,22
2025-01-25T14:00:00,Machine 3,82.23,4.194,101.03,1591.0,24
2025-01-25T15:00:00,Machine 3,85.30,4.894,105.59,1621.4,21
2025-01-25T16:00:00,Machine 3,82.42,4.717,101.23,1592.2,22
2025-01-25T17:00:00,Machine 3,84.77,5.043,104.70,1615.3,23
2025-01-25T18:00:00,Machine 3,82.14,4.166,100.72,1588.7,21
2025-01-25T19:00:00,Machine 3,83.10,4.572,102.11,1597.8,21
2025-01-25T20:00:00,Machine 3,82.21,4.904,100.74,1588.6,22
2025-01-25T21:00:00,Machine 3,83.91,4.633,103.24,1605.2,23
2025-01-25T22:00:00,Machine 3,85.00,4.951,104.83,1615.7,24
2025-01-25T23:00:00,Machine 3,84.20,4.571,103.60,1607.4,24
2025-01-26T00:00:00,Machine 3,81.84,4.326,100.01,1583.4,24
2025-01-26T01:00:00,Machine 3,85.36,4.269,105.25,1618.3,21
2025-01-26T02:00:00,Machine 3,85.10,4.361,104.81,1615.2,21
2025-01-26T03:00:00,Machine 3,83.92,4.943,102.99,1603.0,23
2025-01-26T04:00:00,Machine 3,83.31,4.456,102.04,1596.6,20
2025-01-26T05:00:00,Machine 3,85.28,4.166,104.95,1615.9,23
2025-01-26T06:00:00,Machine 3,82.56,4.963,100.83,1588.3,24
2025-01-26T07:00:00,Machine 3,85.56,5.057,105.29,1618.0,20
2025-01-26T08:00:00,Machine 3,81.97,4.626,99.85,1581.7,20
2025-01-26T09:00:00,Machine 3,85.26,4.724,104.75,1614.2,23
2025-01-26T10:00:00,Machine 3,82.38,4.682,100.38,1585.0,23
2025-01-26T11:00:00,Machine 3,82.50,4.908,100.52,1585.9,22
2025-01-26T12:00:00,Machine 3,82.01,4.978,99.74,1580.6,24
2025-01-26T13:00:00,Machine 3,82.81,5.038,100.89,1588.2,22
2025-01-26T14:00:00,Machine 3,82.56,4.443,100.47,1585.3,21
2025-01-26T15:00:00,Machine 3,82.66,4.533,100.58,1586.0,21
2025-01-26T16:00:00,Machine 3,84.59,4.492,103.43,1604.9,22
2025-01-26T17:00:00,Machine 3,85.48,4.839,104.72,1613.4,20
2025-01-26T18:00:00,Machine 3,82.64,4.246,100.42,1584.6,21
2025-01-26T19:00:00,Machine 3,82.80,4.659,100.62,1585.9,21
2025-01-26T20:00:00,Machine 3,82.83,4.805,100.61,1585.8,22
2025-01-26T21:00:00,Machine 3,82.98,4.181,100.80,1586.9,22
2025-01-26T22:00:00,Machine 3,84.11,4.362,102.46,1597.9,23
2025-01-26T23:00:00,Machine 3,84.61,4.695,103.17,1602.5,21
2025-01-27T00:00:00,Machine 3,82.37,4.216,99.75,1579.7,24
2025-01-27T01:00:00,Machine 3,85.51,4.649,104.42,1610.7,20
2025-01-27T02:00:00,Machine 3,85.06,4.909,103.70,1605.8,24
2025-01-27T03:00:00,Machine 3,83.13,4.554,100.76,1586.2,22
2025-01-27T04:00:00,Machine 3,82.64,5.183,99.98,1580.9,21
2025-01-27T05:00:00,Machine 3,84.55,5.122,102.81,1599.7,20
2025-01-27T06:00:00,Machine 3,83.50,4.249,101.19,1588.8,20
2025-01-27T07:00:00,Machine 3,83.46,4.878,101.09,1588.0,21
2025-01-27T08:00:00,Machine 3,83.36,4.498,100.90,1586.6,20
2025-01-27T09:00:00,Machine 3,84.47,4.594,102.52,1597.4,21
2025-01-27T10:00:00,Machine 3,83.74,4.866,101.37,1589.7,22
2025-01-27T11:00:00,Machine 3,82.76,4.789,99.86,1579.5,21
2025-01-27T12:00:00,Machine 3,82.75,4.385,99.80,1579.0,23
2025-01-27T13:00:00,Machine 3,82.60,5.168,99.54,1577.2,21
2025-01-27T14:00:00,Machine 3,86.27,4.941,104.99,1613.4,21
2025-01-27T15:00:00,Machine 3,85.24,5.102,103.40,1602.7,20
2025-01-27T16:00:00,Machine 3,82.56,4.633,99.35,1575.6,22
2025-01-27T17:00:00,Machine 3,84.94,4.259,102.87,1599.1,20
2025-01-27T18:00:00,Machine 3,82.83,4.400,99.65,1577.5,20
2025-01-27T19:00:00,Machine 3,85.75,5.002,103.99,1606.4,23
2025-01-27T20:00:00,Machine 3,86.21,4.396,104.64,1610.6,20
2025-01-27T21:00:00,Machine 3,85.27,4.980,103.19,1600.8,22
2025-01-27T22:00:00,Machine 3,83.99,4.766,101.22,1587.7,20
2025-01-27T23:00:00,Machine 3,85.15,4.829,102.92,1598.9,22
2025-01-28T00:00:00,Machine 3,86.21,4.583,104.47,1609.1,22
2025-01-28T01:00:00,Machine 3,85.64,4.460,103.57,1603.0,23
2025-01-28T02:00:00,Machine 3,84.82,4.698,102.29,1594.5,21
2025-01-28T03:00:00,Machine 3,83.01,4.956,99.53,1575.9,20
2025-01-28T04:00:00,Machine 3,85.96,4.727,103.91,1605.1,22
2025-01-28T05:00:00,Machine 3,85.26,4.903,102.83,1597.8,20
2025-01-28T06:00:00,Machine 3,84.39,4.699,101.47,1588.6,20
2025-01-28T07:00:00,Machine 3,82.83,4.366,99.08,1572.6,23
2025-01-28T08:00:00,Machine 3,85.27,4.512,102.71,1596.7,21
2025-01-28T09:00:00,Machine 3,84.68,4.628,101.77,1590.4,20
2025-01-28T10:00:00,Machine 3,84.47,4.556,101.42,1588.0,21
2025-01-28T11:00:00,Machine 3,83.20,5.103,99.47,1574.9,23
2025-01-28T12:00:00,Machine 3,86.43,5.056,104.27,1606.8,22
2025-01-28T13:00:00,Machine 3,83.80,5.119,100.27,1580.1,22
2025-01-28T14:00:00,Machine 3,82.96,5.209,98.98,1571.4,20
2025-01-28T15:00:00,Machine 3,83.21,4.841,99.31,1573.5,22
2025-01-28T16:00:00,Machine 3,86.14,4.905,103.66,1602.4,20
2025-01-28T17:00:00,Machine 3,85.92,5.012,103.28,1599.8,20
2025-01-28T18:00:00,Machine 3,86.75,5.199,104.49,1607.7,20
2025-01-28T19:00:00,Machine 3,85.75,4.800,102.94,1597.3,22
2025-01-28T20:00:00,Machine 3,83.22,4.936,99.10,1571.7,20
2025-01-28T21:00:00,Machine 3,84.23,4.844,100.58,1581.4,21
2025-01-28T22:00:00,Machine 3,85.53,5.060,102.49,1594.1,22
2025-01-28T23:00:00,Machine 3,84.86,5.084,101.44,1587.0,20
2025-01-29T00:00:00,Machine 3,83.51,5.151,99.36,1573.1,23
2025-01-29T01:00:00,Machine 3,83.75,4.794,99.69,1575.2,20
2025-01-29T02:00:00,Machine 3,86.55,4.965,103.84,1602.8,21
2025-01-29T03:00:00,Machine 3,83.97,4.738,99.93,1576.6,20
2025-01-29T04:00:00,Machine 3,86.45,4.536,103.60,1601.0,20
2025-01-29T05:00:00,Machine 3,84.27,5.122,100.29,1578.9,23
2025-01-29T06:00:00,Machine 3,85.11,5.200,101.50,1586.8,23
2025-01-29T07:00:00,Machine 3,85.15,4.731,101.52,1586.9,22
2025-01-29T08:00:00,Machine 3,86.57,5.126,103.60,1600.7,19
2025-01-29T09:00:00,Machine 3,86.78,4.963,103.87,1602.4,22
2025-01-29T10:00:00,Machine 3,85.11,4.690,101.32,1585.3,22
2025-01-29T11:00:00,Machine 3,86.05,4.880,102.70,1594.4,21
2025-01-29T12:00:00,Machine 3,83.38,5.236,98.65,1567.3,20
2025-01-29T13:00:00,Machine 3,84.49,4.753,100.26,1578.0,22
2025-01-29T14:00:00,Machine 3,84.20,5.270,99.79,1574.8,22
2025-01-29T15:00:00,Machine 3,83.77,4.712,99.10,1570.1,23
2025-01-29T16:00:00,Machine 3,86.99,5.393,103.89,1601.9,22
2025-01-29T17:00:00,Machine 3,85.33,4.603,101.35,1584.9,23
2025-01-29T18:00:00,Machine 3,85.80,5.235,102.02,1589.3,20
2025-01-29T19:00:00,Machine 3,85.57,5.334,101.63,1586.6,21
2025-01-29T20:00:00,Machine 3,84.69,5.358,100.26,1577.4,21
2025-01-29T21:00:00,Machine 3,86.70,4.699,103.23,1597.1,19
2025-01-29T22:00:00,Machine 3,83.87,4.528,98.95,1568.5,20
2025-01-29T23:00:00,Machine 3,84.35,4.825,99.61,1572.8,19
2025-01-30T00:00:00,Machine 3,83.51,4.448,98.31,1564.1,21
2025-01-30T01:00:00,Machine 3,84.98,5.155,100.48,1578.5,23
2025-01-30T02:00:00,Machine 3,85.48,4.784,101.18,1583.0,19
2025-01-30T03:00:00,Machine 3,86.81,4.627,103.13,1596.0,19
2025-01-30T04:00:00,Machine 3,86.46,5.309,102.57,1592.1,21
2025-01-30T05:00:00,Machine 3,86.29,4.648,102.27,1590.1,22
2025-01-30T06:00:00,Machine 3,85.06,4.443,100.38,1577.4,21
2025-01-30T07:00:00,Machine 3,85.55,4.590,101.07,1581.9,21
2025-01-30T08:00:00,Machine 3,85.10,5.434,100.35,1577.0,22
2025-01-30T09:00:00,Machine 3,84.41,4.602,99.27,1569.7,21
2025-01-30T10:00:00,Machine 3,86.00,5.300,101.61,1585.3,20
2025-01-30T11:00:00,Machine 3,84.24,4.700,98.94,1567.3,22
2025-01-30T12:00:00,Machine 3,86.98,4.768,103.00,1594.3,21
2025-01-30T13:00:00,Machine 3,85.52,5.091,100.75,1579.3,22
2025-01-30T14:00:00,Machine 3,85.04,4.781,99.99,1574.1,22
2025-01-30T15:00:00,Machine 3,85.52,4.836,100.67,1578.6,22
2025-01-30T16:00:00,Machine 3,86.74,4.719,102.46,1590.4,22
2025-01-30T17:00:00,Machine 3,86.58,4.691,102.17,1588.4,20
2025-01-30T18:00:00,Machine 3,84.63,4.661,99.21,1568.5,20
2025-01-30T19:00:00,Machine 3,86.15,4.900,101.44,1583.4,20
2025-01-30T20:00:00,Machine 3,85.58,5.412,100.55,1577.3,22
2025-01-30T21:00:00,Machine 3,85.98,4.666,101.10,1580.9,22
2025-01-30T22:00:00,Machine 3,85.38,4.688,100.16,1574.6,22
2025-01-30T23:00:00,Machine 3,84.36,5.281,98.58,1564.0,22
2025-01-01T00:00:00,Machine 4,72.48,2.536,112.72,1634.8,31
2025-01-01T01:00:00,Machine 4,73.16,2.877,113.69,1641.2,29
2025-01-01T02:00:00,Machine 4,74.31,3.304,115.35,1652.1,28
2025-01-01T03:00:00,Machine 4,75.46,3.161,117.03,1663.2,29
2025-01-01T04:00:00,Machine 4,74.13,2.859,114.97,1649.4,28
2025-01-01T05:00:00,Machine 4,73.95,3.340,114.65,1647.1,31
2025-01-01T06:00:00,Machine 4,75.28,2.628,116.59,1660.0,31
2025-01-01T07:00:00,Machine 4,73.49,2.580,113.85,1641.6,29
2025-01-01T08:00:00,Machine 4,73.17,2.809,113.32,1638.0,29
2025-01-01T09:00:00,Machine 4,75.14,2.438,116.22,1657.2,29
2025-01-01T10:00:00,Machine 4,76.25,3.150,117.82,1667.8,31
2025-01-01T11:00:00,Machine 4,75.27,2.998,116.30,1657.5,28
2025-01-01T12:00:00,Machine 4,73.36,2.817,113.38,1638.0,30
2025-01-01T13:00:00,Machine 4,76.26,2.691,117.68,1666.5,30
2025-01-01T14:00:00,Machine 4,74.58,2.640,115.11,1649.3,31
2025-01-01T15:00:00,Machine 4,73.52,2.798,113.46,1638.2,29
2025-01-01T16:00:00,Machine 4,75.46,2.991,116.32,1657.1,29
2025-01-01T17:00:00,Machine 4,75.96,2.582,117.01,1661.6,31
2025-01-01T18:00:00,Machine 4,75.81,2.616,116.73,1659.7,30
2025-01-01T19:00:00,Machine 4,72.93,3.394,112.35,1630.4,29
2025-01-01T20:00:00,Machine 4,72.68,2.940,111.92,1627.4,27
2025-01-01T21:00:00,Machine 4,73.36,3.379,112.88,1633.7,30
2025-01-01T22:00:00,Machine 4,75.51,2.673,116.05,1654.7,27
2025-01-01T23:00:00,Machine 4,75.62,3.266,116.17,1655.4,29
2025-01-02T00:00:00,Machine 4,74.80,3.003,114.88,1646.7,29
2025-01-02T01:00:00,Machine 4,75.19,3.153,115.42,1650.2,29
2025-01-02T02:00:00,Machine 4,76.59,2.983,117.46,1663.7,27
2025-01-02T03:00:00,Machine 4,76.04,3.240,116.59,1657.8,31
2025-01-02T04:00:00,Machine 4,76.64,3.464,117.42,1663.2,28
2025-01-02T05:00:00,Machine 4,73.37,3.489,112.47,1630.1,31
2025-01-02T06:00:00,Machine 4,73.17,3.477,112.11,1627.6,30
2025-01-02T07:00:00,Machine 4,74.97,2.844,114.75,1645.1,27
2025-01-02T08:00:00,Machine 4,72.96,2.781,111.69,1624.6,30
2025-01-02T09:00:00,Machine 4,73.49,3.106,112.43,1629.5,28
2025-01-02T10:00:00,Machine 4,76.14,2.931,116.36,1655.5,30
2025-01-02T11:00:00,Machine 4,73.18,3.308,111.85,1625.4,27
2025-01-02T12:00:00,Machine 4,73.82,2.939,112.75,1631.3,28
2025-01-02T13:00:00,Machine 4,73.35,2.923,112.00,1626.1,28
2025-01-02T14:00:00,Machine 4,75.91,3.035,115.79,1651.3,28
2025-01-02T15:00:00,Machine 4,75.45,2.886,115.05,1646.2,29
2025-01-02T16:00:00,Machine 4,76.20,3.220,116.12,1653.3,31
2025-01-02T17:00:00,Machine 4,75.70,3.028,115.30,1647.8,29
2025-01-02T18:00:00,Machine 4,75.62,3.014,115.13,1646.5,30
2025-01-02T19:00:00,Machine 4,77.06,3.450,117.23,1660.4,28
2025-01-02T20:00:00,Machine 4,73.41,3.372,111.70,1623.4,27
2025-01-02T21:00:00,Machine 4,73.66,3.265,112.02,1625.5,30
2025-01-02T22:00:00,Machine 4,73.22,3.030,111.31,1620.6,29
2025-01-02T23:00:00,Machine 4,76.49,2.968,116.16,1652.8,29
2025-01-03T00:00:00,Machine 4,74.58,3.378,113.24,1633.3,31
2025-01-03T01:00:00,Machine 4,73.30,3.335,111.27,1620.0,29
2025-01-03T02:00:00,Machine 4,77.09,3.276,116.90,1657.4,30
2025-01-03T03:00:00,Machine 4,74.25,3.046,112.58,1628.6,28
2025-01-03T04:00:00,Machine 4,73.51,3.345,111.42,1620.7,27
2025-01-03T05:00:00,Machine 4,75.58,3.127,114.48,1641.0,29
2025-01-03T06:00:00,Machine 4,74.25,3.040,112.43,1627.2,27
2025-01-03T07:00:00,Machine 4,75.87,2.812,114.80,1642.9,30
2025-01-03T08:00:00,Machine 4,77.41,2.668,117.05,1657.8,31
2025-01-03T09:00:00,Machine 4,76.80,2.822,116.08,1651.3,30
2025-01-03T10:00:00,Machine 4,77.42,3.494,116.96,1657.0,27
2025-01-03T11:00:00,Machine 4,73.70,3.397,111.33,1619.4,27
2025-01-03T12:00:00,Machine 4,75.76,3.270,114.37,1639.5,27
2025-01-03T13:00:00,Machine 4,76.68,2.826,115.68,1648.2,30
2025-01-03T14:00:00,Machine 4,75.16,3.164,113.36,1632.6,31
2025-01-03T15:00:00,Machine 4,74.65,3.632,112.53,1627.0,27
2025-01-03T16:00:00,Machine 4,77.01,3.284,116.01,1650.1,29
2025-01-03T17:00:00,Machine 4,74.75,3.390,112.57,1627.0,27
2025-01-03T18:00:00,Machine 4,77.04,2.951,115.96,1649.5,30
2025-01-03T19:00:00,Machine 4,77.68,3.656,116.86,1655.4,29
2025-01-03T20:00:00,Machine 4,77.42,2.866,116.41,1652.3,29
2025-01-03T21:00:00,Machine 4,75.59,2.854,113.61,1633.5,30
2025-01-03T22:00:00,Machine 4,74.30,3.608,111.63,1620.2,28
2025-01-03T23:00:00,Machine 4,75.14,3.502,112.83,1628.2,27
2025-01-04T00:00:00,Machine 4,76.44,3.611,114.73,1640.7,30
2025-01-04T01:00:00,Machine 4,76.75,3.130,115.13,1643.3,29
2025-01-04T02:00:00,Machine 4,75.55,3.417,113.28,1630.8,28
2025-01-04T03:00:00,Machine 4,76.14,2.750,114.11,1636.3,28
2025-01-04T04:00:00,Machine 4,76.25,3.288,114.21,1636.8,26
2025-01-04T05:00:00,Machine 4,77.42,3.646,115.91,1648.1,30
2025-01-04T06:00:00,Machine 4,75.98,3.398,113.71,1633.3,30
2025-01-04T07:00:00,Machine 4,75.88,3.714,113.49,1631.7,27
2025-01-04T08:00:00,Machine 4,77.30,3.235,115.58,1645.5,28
2025-01-04T09:00:00,Machine 4,74.33,3.207,111.06,1615.3,28
2025-01-04T10:00:00,Machine 4,77.12,2.816,115.20,1642.8,27
2025-01-04T11:00:00,Machine 4,77.56,3.623,115.80,1646.7,28
2025-01-04T12:00:00,Machine 4,75.53,3.466,112.70,1625.9,27
2025-01-04T13:00:00,Machine 4,77.04,3.174,114.91,1640.5,27
2025-01-04T14:00:00,Machine 4,78.10,3.261,116.44,1650.7,28
2025-01-04T15:00:00,Machine 4,76.12,3.521,113.42,1630.4,27
2025-01-04T16:00:00,Machine 4,77.37,3.660,115.24,1642.4,29
2025-01-04T17:00:00,Machine 4,77.00,3.413,114.63,1638.3,28
2025-01-04T18:00:00,Machine 4,75.65,2.919,112.55,1624.3,27
2025-01-04T19:00:00,Machine 4,78.01,2.983,116.03,1647.4,27
2025-01-04T20:00:00,Machine 4,75.85,3.067,112.75,1625.4,26
2025-01-04T21:00:00,Machine 4,75.64,3.420,112.38,1622.8,27
2025-01-04T22:00:00,Machine 4,74.84,2.947,111.12,1614.4,28
2025-01-04T23:00:00,Machine 4,75.46,2.880,112.00,1620.1,26
2025-01-05T00:00:00,Machine 4,77.40,3.719,114.85,1639.0,28
2025-01-05T01:00:00,Machine 4,76.38,2.897,113.27,1628.4,29
2025-01-05T02:00:00,Machine 4,75.58,3.791,112.01,1619.8,27
2025-01-05T03:00:00,Machine 4,78.55,3.518,116.41,1649.1,27
2025-01-05T04:00:00,Machine 4,76.93,3.531,113.92,1632.4,29
2025-01-05T05:00:00,Machine 4,76.37,3.399,113.04,1626.4,28
2025-01-05T06:00:00,Machine 4,78.51,3.374,116.18,1647.3,27
2025-01-05T07:00:00,Machine 4,74.89,3.442,110.70,1610.6,29
2025-01-05T08:00:00,Machine 4,76.89,3.247,113.65,1630.2,26
2025-01-05T09:00:00,Machine 4,75.48,3.738,111.47,1615.5,28
2025-01-05T10:00:00,Machine 4,76.81,3.645,113.42,1628.4,28
2025-01-05T11:00:00,Machine 4,76.08,2.915,112.27,1620.6,29
2025-01-05T12:00:00,Machine 4,78.25,2.954,115.47,1641.9,27
2025-01-05T13:00:00,Machine 4,78.77,3.770,116.19,1646.6,30
2025-01-05T14:00:00,Machine 4,78.04,3.436,115.04,1638.8,29
2025-01-05T15:00:00,Machine 4,78.32,3.052,115.41,1641.2,27
2025-01-05T16:00:00,Machine 4,76.69,3.574,112.91,1624.4,28
2025-01-05T17:00:00,Machine 4,78.06,3.335,114.92,1637.7,27
2025-01-05T18:00:00,Machine 4,78.89,3.774,116.11,1645.5,27
2025-01-05T19:00:00,Machine 4,77.78,3.484,114.38,1633.9,28
2025-01-05T20:00:00,Machine 4,78.82,2.957,115.89,1643.9,29
2025-01-05T21:00:00,Machine 4,78.84,3.827,115.86,1643.5,29
2025-01-05T22:00:00,Machine 4,77.52,3.098,113.83,1629.9,28
2025-01-05T23:00:00,Machine 4,76.76,2.959,112.63,1621.8,29
2025-01-06T00:00:00,Machine 4,75.14,3.156,110.14,1605.1,29
2025-01-06T01:00:00,Machine 4,77.17,3.442,113.14,1625.0,28
2025-01-06T02:00:00,Machine 4,76.12,3.804,111.51,1614.0,29
2025-01-06T03:00:00,Machine 4,77.34,3.656,113.29,1625.8,28
2025-01-06T04:00:00,Machine 4,79.23,3.207,116.06,1644.1,29
2025-01-06T05:00:00,Machine 4,75.35,3.077,110.19,1604.9,28
2025-01-06T06:00:00,Machine 4,76.61,3.372,112.03,1617.1,29
2025-01-06T07:00:00,Machine 4,77.24,3.732,112.92,1622.9,27
2025-01-06T08:00:00,Machine 4,76.41,3.298,111.62,1614.1,29
2025-01-06T09:00:00,Machine 4,77.97,3.307,113.89,1629.2,29
2025-01-06T10:00:00,Machine 4,76.27,3.032,111.30,1611.8,28
2025-01-06T11:00:00,Machine 4,75.61,3.325,110.25,1604.7,26
2025-01-06T12:00:00,Machine 4,78.03,3.948,113.82,1628.4,28
2025-01-06T13:00:00,Machine 4,79.30,3.608,115.67,1640.6,27
2025-01-06T14:00:00,Machine 4,79.33,3.439,115.67,1640.5,27
2025-01-06T15:00:00,Machine 4,77.09,3.929,112.26,1617.6,28
2025-01-06T16:00:00,Machine 4,78.49,3.247,114.29,1631.1,27
2025-01-06T17:00:00,Machine 4,77.77,3.609,113.17,1623.5,28
2025-01-06T18:00:00,Machine 4,78.59,3.211,114.35,1631.3,29
2025-01-06T19:00:00,Machine 4,77.23,3.904,112.25,1617.2,26
2025-01-06T20:00:00,Machine 4,77.36,3.844,112.39,1618.0,27
2025-01-06T21:00:00,Machine 4,77.80,3.148,112.98,1621.9,27
2025-01-06T22:00:00,Machine 4,77.47,3.960,112.43,1618.1,29
2025-01-06T23:00:00,Machine 4,77.16,3.746,111.92,1614.6,26
2025-01-07T00:00:00,Machine 4,76.04,3.742,110.19,1602.9,28
2025-01-07T01:00:00,Machine 4,78.33,3.703,113.57,1625.4,27
2025-01-07T02:00:00,Machine 4,79.22,3.603,114.85,1633.8,26
2025-01-07T03:00:00,Machine 4,78.61,3.358,113.87,1627.2,26
2025-01-07T04:00:00,Machine 4,79.40,3.261,115.00,1634.6,27
2025-01-07T05:00:00,Machine 4,76.11,3.067,110.02,1601.3,27
2025-01-07T06:00:00,Machine 4,79.53,3.694,115.10,1635.0,26
2025-01-07T07:00:00,Machine 4,78.79,3.711,113.93,1627.1,28
2025-01-07T08:00:00,Machine 4,79.07,3.740,114.29,1629.4,27
2025-01-07T09:00:00,Machine 4,78.41,3.940,113.25,1622.4,27
2025-01-07T10:00:00,Machine 4,78.95,3.901,114.01,1627.3,27
2025-01-07T11:00:00,Machine 4,76.18,3.268,109.79,1599.1,29
2025-01-07T12:00:00,Machine 4,76.29,3.382,109.91,1599.8,26
2025-01-07T13:00:00,Machine 4,77.12,3.246,111.09,1607.6,26
2025-01-07T14:00:00,Machine 4,76.48,3.774,110.08,1600.7,28
2025-01-07T15:00:00,Machine 4,79.31,3.859,114.27,1628.5,27
2025-01-07T16:00:00,Machine 4,78.73,3.074,113.34,1622.3,26
2025-01-07T17:00:00,Machine 4,79.46,3.925,114.38,1629.1,27
2025-01-07T18:00:00,Machine 4,79.37,3.084,114.19,1627.7,28
2025-01-07T19:00:00,Machine 4,78.07,3.950,112.19,1614.3,27
2025-01-07T20:00:00,Machine 4,78.69,3.268,113.06,1620.0,28
2025-01-07T21:00:00,Machine 4,77.60,3.575,111.37,1608.6,27
2025-01-07T22:00:00,Machine 4,77.13,3.481,110.61,1603.5,29
2025-01-07T23:00:00,Machine 4,77.35,3.877,110.89,1605.2,28
2025-01-08T00:00:00,Machine 4,79.66,3.668,114.30,1627.8,27
2025-01-08T01:00:00,Machine 4,77.76,3.699,111.40,1608.4,25
2025-01-08T02:00:00,Machine 4,77.52,3.133,110.98,1605.5,28
2025-01-08T03:00:00,Machine 4,79.29,3.734,113.58,1622.7,26
2025-01-08T04:00:00,Machine 4,79.57,3.704,113.94,1625.0,25
2025-01-08T05:00:00,Machine 4,76.99,3.365,110.02,1598.8,26
2025-01-08T06:00:00,Machine 4,79.16,3.782,113.22,1620.0,28
2025-01-08T07:00:00,Machine 4,78.74,4.027,112.54,1615.4,26
2025-01-08T08:00:00,Machine 4,78.28,3.636,111.79,1610.3,28
2025-01-08T09:00:00,Machine 4,79.72,3.192,113.90,1624.3,25
2025-01-08T10:00:00,Machine 4,78.10,4.032,111.41,1607.6,25
2025-01-08T11:00:00,Machine 4,78.80,3.452,112.40,1614.1,26
2025-01-08T12:00:00,Machine 4,80.28,3.851,114.57,1628.4,25
2025-01-08T13:00:00,Machine 4,79.76,3.824,113.75,1622.8,26
2025-01-08T14:00:00,Machine 4,79.32,3.821,113.02,1617.9,25
2025-01-08T15:00:00,Machine 4,78.88,3.383,112.31,1613.0,28
2025-01-08T16:00:00,Machine 4,77.01,4.025,109.46,1593.9,28
2025-01-08T17:00:00,Machine 4,79.85,4.113,113.66,1621.8,25
2025-01-08T18:00:00,Machine 4,78.64,3.774,111.79,1609.2,29
2025-01-08T19:00:00,Machine 4,79.63,3.823,113.22,1618.7,27
2025-01-08T20:00:00,Machine 4,77.49,3.986,109.96,1596.8,28
2025-01-08T21:00:00,Machine 4,79.33,3.853,112.66,1614.7,26
2025-01-08T22:00:00,Machine 4,79.34,3.911,112.61,1614.3,25
2025-01-08T23:00:00,Machine 4,80.09,3.735,113.69,1621.4,28
2025-01-09T00:00:00,Machine 4,79.24,4.034,112.36,1612.4,26
2025-01-09T01:00:00,Machine 4,78.64,3.925,111.40,1605.9,28
2025-01-09T02:00:00,Machine 4,77.93,4.127,110.28,1598.4,28
2025-01-09T03:00:00,Machine 4,77.99,3.463,110.32,1598.5,26
2025-01-09T04:00:00,Machine 4,80.36,3.572,113.83,1621.8,26
2025-01-09T05:00:00,Machine 4,77.33,4.053,109.21,1590.9,27
2025-01-09T06:00:00,Machine 4,78.27,3.339,110.57,1599.8,25
2025-01-09T07:00:00,Machine 4,77.58,4.175,109.49,1592.5,27
2025-01-09T08:00:00,Machine 4,79.79,4.223,112.74,1614.1,25
2025-01-09T09:00:00,Machine 4,77.68,3.287,109.53,1592.6,26
2025-01-09T10:00:00,Machine 4,77.51,3.862,109.21,1590.4,25
2025-01-09T11:00:00,Machine 4,80.74,4.078,114.01,1622.2,27
2025-01-09T12:00:00,Machine 4,80.69,3.798,113.88,1621.3,28
2025-01-09T13:00:00,Machine 4,79.63,4.024,112.24,1610.2,28
2025-01-09T14:00:00,Machine 4,80.81,3.304,113.96,1621.6,28
2025-01-09T15:00:00,Machine 4,78.03,4.074,109.73,1593.3,27
2025-01-09T16:00:00,Machine 4,78.85,4.193,110.90,1601.0,26
2025-01-09T17:00:00,Machine 4,77.53,4.172,108.87,1587.4,25
2025-01-09T18:00:00,Machine 4,79.44,3.589,111.67,1606.0,26
2025-01-09T19:00:00,Machine 4,80.63,3.763,113.40,1617.4,27
2025-01-09T20:00:00,Machine 4,81.49,3.523,114.63,1625.5,26
2025-01-09T21:00:00,Machine 4,81.10,3.579,114.00,1621.1,27
2025-01-09T22:00:00,Machine 4,79.05,3.435,110.87,1600.2,26
2025-01-09T23:00:00,Machine 4,78.09,3.628,109.38,1590.1,26
2025-01-10T00:00:00,Machine 4,81.38,3.324,114.25,1622.5,28
2025-01-10T01:00:00,Machine 4,81.42,3.827,114.27,1622.5,26
2025-01-10T02:00:00,Machine 4,80.86,3.413,113.37,1616.5,26
2025-01-10T03:00:00,Machine 4,79.52,3.916,111.31,1602.6,26
2025-01-10T04:00:00,Machine 4,81.54,3.822,114.28,1622.3,27
2025-01-10T05:00:00,Machine 4,80.90,3.526,113.26,1615.4,25
2025-01-10T06:00:00,Machine 4,80.79,3.483,113.04,1613.8,28
2025-01-10T07:00:00,Machine 4,80.36,3.651,112.34,1609.1,26
2025-01-10T08:00:00,Machine 4,78.66,3.565,109.74,1591.6,25
2025-01-10T09:00:00,Machine 4,78.10,4.130,108.85,1585.5,27
2025-01-10T10:00:00,Machine 4,81.88,3.623,114.46,1622.9,26
2025-01-10T11:00:00,Machine 4,78.71,4.296,109.65,1590.7,25
2025-01-10T12:00:00,Machine 4,79.42,4.345,110.66,1597.3,25
2025-01-10T13:00:00,Machine 4,79.32,4.009,110.45,1595.8,24
2025-01-10T14:00:00,Machine 4,81.52,4.340,113.70,1617.4,26
2025-01-10T15:00:00,Machine 4,78.06,3.814,108.46,1582.3,25
2025-01-10T16:00:00,Machine 4,80.55,4.050,112.13,1606.7,27
2025-01-10T17:00:00,Machine 4,78.92,4.143,109.64,1590.0,25
2025-01-10T18:00:00,Machine 4,79.40,4.208,110.30,1594.3,26
2025-01-10T19:00:00,Machine 4,80.62,4.217,112.07,1606.0,28
2025-01-10T20:00:00,Machine 4,80.05,3.958,111.17,1599.9,27
2025-01-10T21:00:00,Machine 4,79.16,3.436,109.78,1590.5,24
2025-01-10T22:00:00,Machine 4,80.01,4.218,110.99,1598.5,26
2025-01-10T23:00:00,Machine 4,78.97,4.236,109.39,1587.7,27
2025-01-11T00:00:00,Machine 4,79.78,3.650,110.54,1595.3,26
2025-01-11T01:00:00,Machine 4,82.26,3.500,114.22,1619.7,25
2025-01-11T02:00:00,Machine 4,78.40,3.485,108.36,1580.5,26
2025-01-11T03:00:00,Machine 4,78.48,4.233,108.44,1580.9,26
2025-01-11T04:00:00,Machine 4,79.11,4.081,109.33,1586.8,25
2025-01-11T05:00:00,Machine 4,79.38,3.637,109.67,1589.0,26
2025-01-11T06:00:00,Machine 4,78.81,3.842,108.76,1582.8,25
2025-01-11T07:00:00,Machine 4,82.31,3.979,113.95,1617.3,25
2025-01-11T08:00:00,Machine 4,82.03,4.406,113.48,1614.0,27
2025-01-11T09:00:00,Machine 4,81.05,4.043,111.96,1603.8,26
2025-01-11T10:00:00,Machine 4,79.42,3.785,109.46,1587.0,25
2025-01-11T11:00:00,Machine 4,80.87,4.336,111.57,1601.0,27
2025-01-11T12:00:00,Machine 4,81.55,3.845,112.54,1607.4,28
2025-01-11T13:00:00,Machine 4,79.96,4.304,110.10,1591.0,25
2025-01-11T14:00:00,Machine 4,82.61,4.323,114.02,1617.0,27
2025-01-11T15:00:00,Machine 4,81.48,4.121,112.28,1605.3,26
2025-01-11T16:00:00,Machine 4,80.38,3.721,110.57,1593.8,24
2025-01-11T17:00:00,Machine 4,78.76,4.339,108.09,1577.1,24
2025-01-11T18:00:00,Machine 4,81.77,3.720,112.54,1606.7,25
2025-01-11T19:00:00,Machine 4,78.76,3.921,107.98,1576.2,26
2025-01-11T20:00:00,Machine 4,80.37,3.609,110.34,1591.9,26
2025-01-11T21:00:00,Machine 4,79.22,3.895,108.55,1579.8,24
2025-01-11T22:00:00,Machine 4,80.07,4.027,109.78,1587.9,23
2025-01-11T23:00:00,Machine 4,81.83,3.683,112.36,1605.0,24
2025-01-12T00:00:00,Machine 4,81.48,3.878,111.78,1601.0,26
2025-01-12T01:00:00,Machine 4,82.17,4.460,112.77,1607.5,26
2025-01-12T02:00:00,Machine 4,79.05,3.546,108.03,1575.9,23
2025-01-12T03:00:00,Machine 4,81.80,3.618,112.10,1602.9,24
2025-01-12T04:00:00,Machine 4,80.45,4.445,110.01,1588.8,25
2025-01-12T05:00:00,Machine 4,82.94,3.734,113.70,1613.3,24
2025-01-12T06:00:00,Machine 4,82.86,4.185,113.53,1612.0,26
2025-01-12T07:00:00,Machine 4,79.19,4.467,107.96,1574.8,26
2025-01-12T08:00:00,Machine 4,79.32,3.858,108.11,1575.7,27
2025-01-12T09:00:00,Machine 4,79.52,3.808,108.35,1577.2,24
2025-01-12T10:00:00,Machine 4,81.87,3.956,111.82,1600.3,25
2025-01-12T11:00:00,Machine 4,80.85,4.301,110.24,1589.6,26
2025-01-12T12:00:00,Machine 4,81.17,3.919,110.66,1592.3,25
2025-01-12T13:00:00,Machine 4,80.84,4.442,110.12,1588.6,25
2025-01-12T14:00:00,Machine 4,81.16,4.025,110.54,1591.3,25
2025-01-12T15:00:00,Machine 4,79.42,4.160,107.88,1573.5,24
2025-01-12T16:00:00,Machine 4,79.55,4.556,108.01,1574.2,24
2025-01-12T17:00:00,Machine 4,82.55,3.921,112.46,1603.8,25
2025-01-12T18:00:00,Machine 4,82.62,3.630,112.51,1604.0,24
2025-01-12T19:00:00,Machine 4,81.09,4.063,110.16,1588.2,27
2025-01-12T20:00:00,Machine 4,82.46,3.881,112.15,1601.4,24
2025-01-12T21:00:00,Machine 4,79.94,3.819,108.32,1575.8,25
2025-01-12T22:00:00,Machine 4,80.55,4.153,109.19,1581.5,24
2025-01-12T23:00:00,Machine 4,81.66,3.888,110.80,1592.1,25
2025-01-13T00:00:00,Machine 4,82.96,3.712,112.68,1604.6,26
2025-01-13T01:00:00,Machine 4,82.84,4.021,112.46,1603.0,26
2025-01-13T02:00:00,Machine 4,81.74,3.663,110.75,1591.5,27
2025-01-13T03:00:00,Machine 4,81.40,4.563,110.18,1587.6,24
2025-01-13T04:00:00,Machine 4,80.46,3.921,108.72,1577.7,24
2025-01-13T05:00:00,Machine 4,81.58,4.597,110.34,1588.4,26
2025-01-13T06:00:00,Machine 4,81.79,4.085,110.61,1590.1,23
2025-01-13T07:00:00,Machine 4,81.25,3.784,109.74,1584.2,24
2025-01-13T08:00:00,Machine 4,83.26,3.669,112.71,1603.9,26
2025-01-13T09:00:00,Machine 4,81.91,3.954,110.62,1589.9,23
2025-01-13T10:00:00,Machine 4,80.36,4.108,108.25,1573.9,25
2025-01-13T11:00:00,Machine 4,80.50,4.559,108.39,1574.8,24
2025-01-13T12:00:00,Machine 4,80.91,3.783,108.96,1578.5,26
2025-01-13T13:00:00,Machine 4,80.43,4.416,108.18,1573.2,26
2025-01-13T14:00:00,Machine 4,82.90,4.539,111.84,1597.5,23
2025-01-13T15:00:00,Machine 4,80.29,3.960,107.86,1570.8,27
2025-01-13T16:00:00,Machine 4,83.59,3.814,112.76,1603.4,25
2025-01-13T17:00:00,Machine 4,81.66,3.895,109.81,1583.6,25
2025-01-13T18:00:00,Machine 4,81.28,4.268,109.19,1579.4,25
2025-01-13T19:00:00,Machine 4,82.34,3.731,110.73,1589.5,26
2025-01-13T20:00:00,Machine 4,80.94,4.494,108.57,1575.0,24
2025-01-13T21:00:00,Machine 4,81.31,4.158,109.07,1578.3,23
2025-01-13T22:00:00,Machine 4,83.07,4.305,111.66,1595.4,26
2025-01-13T23:00:00,Machine 4,81.18,4.614,108.77,1576.1,23
2025-01-14T00:00:00,Machine 4,83.99,4.526,112.92,1603.6,24
2025-01-14T01:00:00,Machine 4,82.61,3.717,110.80,1589.4,26
2025-01-14T02:00:00,Machine 4,83.47,3.984,112.03,1597.5,24
2025-01-14T03:00:00,Machine 4,80.89,4.077,108.10,1571.2,24
2025-01-14T04:00:00,Machine 4,84.13,4.606,112.92,1603.2,24
2025-01-14T05:00:00,Machine 4,80.42,4.405,107.29,1565.6,26
2025-01-14T06:00:00,Machine 4,82.90,4.545,110.96,1590.0,26
2025-01-14T07:00:00,Machine 4,81.21,4.171,108.37,1572.6,23
2025-01-14T08:00:00,Machine 4,80.41,4.526,107.12,1564.1,25
2025-01-14T09:00:00,Machine 4,84.25,4.527,112.82,1602.0,26
2025-01-14T10:00:00,Machine 4,83.26,4.139,111.29,1591.7,26
2025-01-14T11:00:00,Machine 4,81.90,4.100,109.18,1577.6,24
2025-01-14T12:00:00,Machine 4,81.92,3.930,109.16,1577.3,24
2025-01-14T13:00:00,Machine 4,84.08,4.153,112.35,1598.5,25
2025-01-14T14:00:00,Machine 4,82.89,4.502,110.51,1586.1,26
2025-01-14T15:00:00,Machine 4,81.79,4.272,108.81,1574.6,24
2025-01-14T16:00:00,Machine 4,82.03,4.754,109.11,1576.5,24
2025-01-14T17:00:00,Machine 4,81.23,4.340,107.85,1568.1,26
2025-01-14T18:00:00,Machine 4,82.91,3.887,110.32,1584.4,26
2025-01-14T19:00:00,Machine 4,83.90,4.130,111.75,1593.9,23
2025-01-14T20:00:00,Machine 4,81.19,4.585,107.62,1566.2,22
2025-01-14T21:00:00,Machine 4,84.45,4.588,112.46,1598.4,24
2025-01-14T22:00:00,Machine 4,83.28,4.106,110.66,1586.3,26
2025-01-14T23:00:00,Machine 4,83.49,4.143,110.92,1587.9,23
2025-01-15T00:00:00,Machine 4,84.73,4.096,112.73,1599.8,23
2025-01-15T01:00:00,Machine 4,84.11,4.327,111.73,1593.1,24
2025-01-15T02:00:00,Machine 4,84.36,4.490,112.06,1595.2,25
2025-01-15T03:00:00,Machine 4,84.38,4.764,112.03,1594.9,22
2025-01-15T04:00:00,Machine 4,83.25,4.348,110.28,1583.1,24
2025-01-15T05:00:00,Machine 4,82.12,4.365,108.53,1571.4,26
2025-01-15T06:00:00,Machine 4,83.91,3.864,111.17,1588.8,24
2025-01-15T07:00:00,Machine 4,84.34,4.076,111.75,1592.6,26
2025-01-15T08:00:00,Machine 4,82.98,4.337,109.66,1578.6,23
2025-01-15T09:00:00,Machine 4,82.82,3.962,109.37,1576.5,24
2025-01-15T10:00:00,Machine 4,84.51,4.311,111.84,1592.9,25
2025-01-15T11:00:00,Machine 4,84.14,4.738,111.24,1588.8,24
2025-01-15T12:00:00,Machine 4,82.94,4.809,109.38,1576.3,25
2025-01-15T13:00:00,Machine 4,83.13,3.986,109.62,1577.8,23
2025-01-15T14:00:00,Machine 4,82.98,4.712,109.33,1575.7,23
2025-01-15T15:00:00,Machine 4,84.67,4.280,111.81,1592.2,24
2025-01-15T16:00:00,Machine 4,81.67,4.003,107.26,1561.7,24
2025-01-15T17:00:00,Machine 4,82.10,3.903,107.84,1565.5,22
2025-01-15T18:00:00,Machine 4,83.59,4.807,110.03,1580.0,23
2025-01-15T19:00:00,Machine 4,85.09,4.752,112.22,1594.5,24
2025-01-15T20:00:00,Machine 4,83.26,4.488,109.42,1575.7,22
2025-01-15T21:00:00,Machine 4,83.98,4.523,110.44,1582.4,22
2025-01-15T22:00:00,Machine 4,83.73,4.618,110.02,1579.5,24
2025-01-15T23:00:00,Machine 4,82.11,4.832,107.53,1562.8,23
2025-01-16T00:00:00,Machine 4,84.53,4.851,111.11,1586.6,22
2025-01-16T01:00:00,Machine 4,81.71,4.462,106.82,1557.8,25
2025-01-16T02:00:00,Machine 4,84.77,4.428,111.35,1588.0,25
2025-01-16T03:00:00,Machine 4,83.97,4.526,110.10,1579.5,22
2025-01-16T04:00:00,Machine 4,83.27,4.350,109.00,1572.1,22
2025-01-16T05:00:00,Machine 4,83.03,4.294,108.58,1569.2,26
2025-01-16T06:00:00,Machine 4,83.07,4.658,108.58,1569.1,24
2025-01-16T07:00:00,Machine 4,82.85,3.983,108.20,1566.5,22
2025-01-16T08:00:00,Machine 4,85.33,4.497,111.87,1590.8,22
2025-01-16T09:00:00,Machine 4,84.14,4.097,110.03,1578.4,24
2025-01-16T10:00:00,Machine 4,82.53,4.573,107.56,1561.8,25
2025-01-16T11:00:00,Machine 4,83.68,3.957,109.23,1572.9,26
2025-01-16T12:00:00,Machine 4,85.39,4.415,111.74,1589.5,23
2025-01-16T13:00:00,Machine 4,83.78,4.310,109.28,1573.0,25
2025-01-16T14:00:00,Machine 4,81.85,4.696,106.33,1553.2,23
2025-01-16T15:00:00,Machine 4,82.14,4.231,106.70,1555.6,22
2025-01-16T16:00:00,Machine 4,82.44,4.488,107.10,1558.1,25
2025-01-16T17:00:00,Machine 4,85.15,4.602,111.11,1584.8,22
2025-01-16T18:00:00,Machine 4,83.63,4.929,108.77,1569.1,25
2025-01-16T19:00:00,Machine 4,81.93,4.930,106.17,1551.7,25
2025-01-16T20:00:00,Machine 4,85.88,4.607,112.05,1590.7,24
2025-01-16T21:00:00,Machine 4,83.10,4.696,107.82,1562.4,23
2025-01-16T22:00:00,Machine 4,83.11,4.829,107.78,1562.1,23
2025-01-16T23:00:00,Machine 4,83.01,4.288,107.58,1560.6,23
2025-01-17T00:00:00,Machine 4,84.91,4.392,110.36,1579.1,24
2025-01-17T01:00:00,Machine 4,82.76,4.197,107.08,1557.1,24
2025-01-17T02:00:00,Machine 4,82.07,4.797,106.00,1549.8,22
2025-01-17T03:00:00,Machine 4,83.71,4.031,108.40,1565.7,23
2025-01-17T04:00:00,Machine 4,83.92,4.057,108.66,1567.3,24
2025-01-17T05:00:00,Machine 4,85.12,4.485,110.40,1578.8,22
2025-01-17T06:00:00,Machine 4,83.07,4.737,107.28,1557.9,23
2025-01-17T07:00:00,Machine 4,85.71,4.985,111.18,1583.8,24
2025-01-17T08:00:00,Machine 4,83.39,4.449,107.65,1560.2,23
2025-01-17T09:00:00,Machine 4,84.66,4.591,109.50,1572.4,24
2025-01-17T10:00:00,Machine 4,83.48,4.858,107.68,1560.2,24
2025-01-17T11:00:00,Machine 4,82.95,4.606,106.82,1554.3,24
2025-01-17T12:00:00,Machine 4,85.53,4.367,110.65,1579.7,24
2025-01-17T13:00:00,Machine 4,83.85,4.259,108.06,1562.4,24
2025-01-17T14:00:00,Machine 4,83.09,4.511,106.87,1554.4,22
2025-01-17T15:00:00,Machine 4,85.80,4.226,110.87,1580.9,22
2025-01-17T16:00:00,Machine 4,82.95,4.880,106.56,1552.0,24
2025-01-17T17:00:00,Machine 4,84.94,4.748,109.48,1571.4,25
2025-01-17T18:00:00,Machine 4,84.14,4.897,108.22,1562.9,24
2025-01-17T19:00:00,Machine 4,84.83,4.680,109.20,1569.3,23
2025-01-17T20:00:00,Machine 4,85.74,5.053,110.51,1578.0,22
2025-01-17T21:00:00,Machine 4,82.57,4.981,105.70,1545.8,22
2025-01-17T22:00:00,Machine 4,84.74,4.717,108.91,1567.1,23
2025-01-17T23:00:00,Machine 4,86.15,4.867,110.97,1580.7,21
2025-01-18T00:00:00,Machine 4,85.68,4.218,110.21,1575.6,23
2025-01-18T01:00:00,Machine 4,86.25,4.445,111.01,1580.8,22
2025-01-18T02:00:00,Machine 4,83.10,5.059,106.22,1548.8,24
2025-01-18T03:00:00,Machine 4,85.61,4.575,109.94,1573.5,23
2025-01-18T04:00:00,Machine 4,85.41,4.261,109.58,1570.9,24
2025-01-18T05:00:00,Machine 4,84.94,4.190,108.82,1565.8,21
2025-01-18T06:00:00,Machine 4,84.30,4.384,107.81,1558.9,22
2025-01-18T07:00:00,Machine 4,82.95,4.484,105.72,1544.9,24
2025-01-18T08:00:00,Machine 4,83.60,4.540,106.65,1551.0,21
2025-01-18T09:00:00,Machine 4,83.55,4.842,106.51,1550.0,22
2025-01-18T10:00:00,Machine 4,84.76,4.160,108.28,1561.7,22
2025-01-18T11:00:00,Machine 4,84.56,4.282,107.92,1559.1,21
2025-01-18T12:00:00,Machine 4,83.16,4.273,105.76,1544.7,23
2025-01-18T13:00:00,Machine 4,86.71,4.998,111.03,1579.7,22
2025-01-18T14:00:00,Machine 4,85.90,4.367,109.77,1571.2,24
2025-01-18T15:00:00,Machine 4,83.79,4.943,106.55,1549.6,22
2025-01-18T16:00:00,Machine 4,86.74,4.905,110.93,1578.7,21
2025-01-18T17:00:00,Machine 4,84.08,4.857,106.88,1551.6,24
2025-01-18T18:00:00,Machine 4,83.87,4.216,106.51,1549.0,23
2025-01-18T19:00:00,Machine 4,84.62,5.022,107.58,1556.1,23
2025-01-18T20:00:00,Machine 4,83.48,4.669,105.81,1544.1,21
2025-01-18T21:00:00,Machine 4,83.39,4.854,105.63,1542.8,24
2025-01-18T22:00:00,Machine 4,86.75,4.963,110.60,1575.9,21
2025-01-18T23:00:00,Machine 4,86.37,4.463,109.98,1571.7,24
2025-01-19T00:00:00,Machine 4,86.65,5.104,110.35,1574.0,21
2025-01-19T01:00:00,Machine 4,86.58,4.291,110.18,1572.8,21
2025-01-19T02:00:00,Machine 4,85.38,5.020,108.33,1560.3,24
2025-01-19T03:00:00,Machine 4,84.88,4.550,107.54,1554.9,23
2025-01-19T04:00:00,Machine 4,86.35,4.472,109.68,1569.1,24
2025-01-19T05:00:00,Machine 4,83.66,5.013,105.60,1541.8,25
2025-01-19T06:00:00,Machine 4,86.36,4.706,109.58,1568.2,23
2025-01-19T07:00:00,Machine 4,84.36,4.847,106.53,1547.8,21
2025-01-19T08:00:00,Machine 4,85.23,4.641,107.79,1556.1,22
2025-01-19T09:00:00,Machine 4,84.39,4.594,106.47,1547.2,24
2025-01-19T10:00:00,Machine 4,86.53,5.061,109.63,1568.1,21
2025-01-19T11:00:00,Machine 4,84.41,5.054,106.39,1546.5,24
2025-01-19T12:00:00,Machine 4,84.83,4.365,106.96,1550.2,22
2025-01-19T13:00:00,Machine 4,87.30,4.581,110.62,1574.4,23
2025-01-19T14:00:00,Machine 4,85.55,4.663,107.93,1556.4,23
2025-01-19T15:00:00,Machine 4,87.19,4.364,110.34,1572.4,22
2025-01-19T16:00:00,Machine 4,85.55,5.067,107.82,1555.5,23
2025-01-19T17:00:00,Machine 4,87.67,4.991,110.94,1576.2,23
2025-01-19T18:00:00,Machine 4,86.91,4.329,109.76,1568.2,21
2025-01-19T19:00:00,Machine 4,83.92,5.272,105.21,1537.8,22
2025-01-19T20:00:00,Machine 4,86.23,5.157,108.63,1560.4,23
2025-01-19T21:00:00,Machine 4,84.24,4.683,105.59,1540.1,23
2025-01-19T22:00:00,Machine 4,85.73,4.637,107.77,1554.5,22
2025-01-19T23:00:00,Machine 4,87.15,4.449,109.85,1568.2,22
2025-01-20T00:00:00,Machine 4,84.23,4.304,105.40,1538.5,21
2025-01-20T01:00:00,Machine 4,84.63,4.390,105.95,1542.1,24
2025-01-20T02:00:00,Machine 4,85.98,5.308,107.93,1555.1,23
2025-01-20T03:00:00,Machine 4,84.88,5.271,106.21,1543.6,24
2025-01-20T04:00:00,Machine 4,86.94,5.011,109.25,1563.8,24
2025-01-20T05:00:00,Machine 4,87.03,5.044,109.34,1564.2,21
2025-01-20T06:00:00,Machine 4,88.03,5.123,110.77,1573.7,24
2025-01-20T07:00:00,Machine 4,87.50,4.769,109.93,1568.0,24
2025-01-20T08:00:00,Machine 4,86.43,4.818,108.26,1556.8,23
2025-01-20T09:00:00,Machine 4,86.30,5.212,108.02,1555.0,20
2025-01-20T10:00:00,Machine 4,86.46,5.150,108.20,1556.2,23
2025-01-20T11:00:00,Machine 4,87.08,5.174,109.09,1561.9,22
2025-01-20T12:00:00,Machine 4,84.98,4.689,105.87,1540.4,24
2025-01-20T13:00:00,Machine 4,86.79,4.948,108.54,1558.1,23
2025-01-20T14:00:00,Machine 4,86.33,5.092,107.79,1553.0,22
2025-01-20T15:00:00,Machine 4,84.56,5.029,105.09,1534.9,23
2025-01-20T16:00:00,Machine 4,87.10,4.653,108.83,1559.7,21
2025-01-20T17:00:00,Machine 4,85.20,4.716,105.94,1540.3,23
2025-01-20T18:00:00,Machine 4,88.03,5.182,110.13,1568.1,23
2025-01-20T19:00:00,Machine 4,86.21,4.818,107.34,1549.5,23
2025-01-20T20:00:00,Machine 4,85.66,4.577,106.46,1543.5,24
2025-01-20T21:00:00,Machine 4,85.27,5.190,105.81,1539.1,23
2025-01-20T22:00:00,Machine 4,86.78,4.833,108.03,1553.7,23
2025-01-20T23:00:00,Machine 4,87.11,4.737,108.48,1556.6,21
2025-01-21T00:00:00,Machine 4,87.75,5.205,109.37,1562.5,20
2025-01-21T01:00:00,Machine 4,88.21,5.322,110.01,1566.6,23
2025-01-21T02:00:00,Machine 4,87.93,4.661,109.54,1563.4,21
2025-01-21T03:00:00,Machine 4,87.45,5.394,108.77,1558.1,20
2025-01-21T04:00:00,Machine 4,84.85,5.415,104.81,1531.6,21
2025-01-21T05:00:00,Machine 4,86.13,4.924,106.67,1543.9,24
2025-01-21T06:00:00,Machine 4,87.34,4.618,108.44,1555.6,21
2025-01-21T07:00:00,Machine 4,86.97,5.276,107.82,1551.4,21
2025-01-21T08:00:00,Machine 4,87.42,4.725,108.44,1555.4,22
2025-01-21T09:00:00,Machine 4,85.62,4.718,105.69,1537.0,20
2025-01-21T10:00:00,Machine 4,87.56,5.127,108.54,1555.9,22
2025-01-21T11:00:00,Machine 4,87.00,4.719,107.65,1549.8,22
2025-01-21T12:00:00,Machine 4,88.45,4.506,109.77,1563.9,21
2025-01-21T13:00:00,Machine 4,85.04,5.075,104.60,1529.3,23
2025-01-21T14:00:00,Machine 4,84.93,4.986,104.38,1527.8,22
2025-01-21T15:00:00,Machine 4,88.05,5.449,109.00,1558.4,22
2025-01-21T16:00:00,Machine 4,85.13,4.935,104.56,1528.8,21
2025-01-21T17:00:00,Machine 4,87.50,5.141,108.08,1552.1,21
2025-01-21T18:00:00,Machine 4,86.72,5.354,106.84,1543.7,24
2025-01-21T19:00:00,Machine 4,85.18,4.677,104.48,1527.9,24
2025-01-21T20:00:00,Machine 4,87.67,4.864,108.17,1552.4,23
2025-01-21T21:00:00,Machine 4,86.59,4.769,106.49,1541.1,21
2025-01-21T22:00:00,Machine 4,86.42,4.495,106.18,1538.9,20
2025-01-21T23:00:00,Machine 4,86.06,5.292,105.58,1534.8,21
2025-01-22T00:00:00,Machine 4,86.54,5.283,106.25,1539.2,24
2025-01-22T01:00:00,Machine 4,85.78,5.171,105.05,1531.0,22
2025-01-22T02:00:00,Machine 4,87.65,4.716,107.80,1549.3,22
2025-01-22T03:00:00,Machine 4,86.43,4.703,105.91,1536.6,23
2025-01-22T04:00:00,Machine 4,87.96,5.358,108.16,1551.5,20
2025-01-22T05:00:00,Machine 4,86.61,4.785,106.08,1537.5,22
2025-01-22T06:00:00,Machine 4,87.72,4.624,107.69,1548.2,23
2025-01-22T07:00:00,Machine 4,87.03,4.957,106.60,1540.8,23
2025-01-22T08:00:00,Machine 4,85.52,5.423,104.28,1525.2,20
2025-01-22T09:00:00,Machine 4,87.83,4.639,107.69,1547.8,20
2025-01-22T10:00:00,Machine 4,86.21,4.592,105.21,1531.2,22
2025-01-22T11:00:00,Machine 4,87.69,5.287,107.37,1545.5,20
2025-01-22T12:00:00,Machine 4,86.94,4.890,106.19,1537.5,22
2025-01-22T13:00:00,Machine 4,86.60,5.249,105.62,1533.6,23
2025-01-22T14:00:00,Machine 4,86.52,4.686,105.46,1532.4,22
2025-01-22T15:00:00,Machine 4,87.85,5.299,107.39,1545.2,22
2025-01-22T16:00:00,Machine 4,87.94,4.650,107.47,1545.6,20
2025-01-22T17:00:00,Machine 4,87.03,5.296,106.05,1536.1,22
2025-01-22T18:00:00,Machine 4,85.63,5.032,103.90,1521.7,22
2025-01-22T19:00:00,Machine 4,89.09,5.495,109.04,1555.8,20
2025-01-22T20:00:00,Machine 4,88.57,4.605,108.20,1550.1,19
2025-01-22T21:00:00,Machine 4,89.45,4.633,109.47,1558.4,20
2025-01-22T22:00:00,Machine 4,87.84,5.538,107.00,1541.9,20
2025-01-22T23:00:00,Machine 4,87.89,4.721,107.01,1541.8,20
2025-01-23T00:00:00,Machine 4,88.22,5.278,107.46,1544.7,23
2025-01-23T01:00:00,Machine 4,86.63,5.382,105.01,1528.3,20
2025-01-23T02:00:00,Machine 4,86.43,5.510,104.66,1525.9,19
2025-01-23T03:00:00,Machine 4,86.66,5.247,104.95,1527.7,23
2025-01-23T04:00:00,Machine 4,89.00,4.640,108.40,1550.6,22
2025-01-23T05:00:00,Machine 4,88.16,5.588,107.10,1541.8,20
2025-01-23T06:00:00,Machine 4,87.96,5.239,106.74,1539.3,19
2025-01-23T07:00:00,Machine 4,86.71,5.227,104.80,1526.3,22
2025-01-23T08:00:00,Machine 4,88.20,5.531,106.99,1540.7,22
2025-01-23T09:00:00,Machine 4,87.41,4.639,105.75,1532.4,21
2025-01-23T10:00:00,Machine 4,89.98,5.411,109.55,1557.6,20
2025-01-23T11:00:00,Machine 4,87.77,5.216,106.17,1535.0,20
2025-01-23T12:00:00,Machine 4,86.19,4.675,103.76,1518.8,21
2025-01-23T13:00:00,Machine 4,89.91,5.510,109.28,1555.5,21
2025-01-23T14:00:00,Machine 4,88.96,5.421,107.81,1545.6,23
2025-01-23T15:00:00,Machine 4,89.80,5.521,109.01,1553.5,21
2025-01-23T16:00:00,Machine 4,87.25,5.291,105.12,1527.5,22
2025-01-23T17:00:00,Machine 4,89.65,5.100,108.67,1551.0,22
2025-01-23T18:00:00,Machine 4,86.39,5.204,103.73,1518.0,21
2025-01-23T19:00:00,Machine 4,88.20,4.832,106.38,1535.5,21
2025-01-23T20:00:00,Machine 4,87.44,5.245,105.19,1527.5,20
2025-01-23T21:00:00,Machine 4,88.41,5.546,106.60,1536.8,20
2025-01-23T22:00:00,Machine 4,89.41,5.118,108.04,1546.3,22
2025-01-23T23:00:00,Machine 4,90.19,5.277,109.16,1553.6,20
2025-01-24T00:00:00,Machine 4,87.89,4.771,105.65,1530.2,20
2025-01-24T01:00:00,Machine 4,89.03,5.254,107.30,1541.1,22
2025-01-24T02:00:00,Machine 4,89.14,5.120,107.41,1541.7,20
2025-01-24T03:00:00,Machine 4,87.88,5.556,105.46,1528.6,21
2025-01-24T04:00:00,Machine 4,88.55,5.664,106.41,1534.8,19
2025-01-24T05:00:00,Machine 4,89.08,5.365,107.17,1539.7,20
2025-01-24T06:00:00,Machine 4,89.94,5.173,108.39,1547.8,22
2025-01-24T07:00:00,Machine 4,87.77,5.208,105.08,1525.7,21
2025-01-24T08:00:00,Machine 4,89.30,5.696,107.32,1540.5,20
2025-01-24T09:00:00,Machine 4,90.21,5.219,108.63,1549.1,21
2025-01-24T10:00:00,Machine 4,87.37,4.870,104.33,1520.3,21
2025-01-24T11:00:00,Machine 4,87.00,5.152,103.72,1516.1,21
2025-01-24T12:00:00,Machine 4,87.65,4.926,104.63,1522.1,22
2025-01-24T13:00:00,Machine 4,89.48,5.405,107.32,1540.0,21
2025-01-24T14:00:00,Machine 4,88.24,5.081,105.40,1527.0,21
2025-01-24T15:00:00,Machine 4,89.46,5.083,107.18,1538.8,20
2025-01-24T16:00:00,Machine 4,87.99,4.923,104.92,1523.6,19
2025-01-24T17:00:00,Machine 4,88.06,5.659,104.98,1523.9,21
2025-01-24T18:00:00,Machine 4,90.59,5.293,108.72,1548.8,19
2025-01-24T19:00:00,Machine 4,90.67,4.966,108.77,1549.0,19
2025-01-24T20:00:00,Machine 4,88.12,5.247,104.90,1523.1,23
2025-01-24T21:00:00,Machine 4,87.77,5.017,104.32,1519.1,21
2025-01-24T22:00:00,Machine 4,90.07,5.423,107.72,1541.7,20
2025-01-24T23:00:00,Machine 4,88.15,5.700,104.79,1522.0,21
2025-01-25T00:00:00,Machine 4,90.63,4.904,108.45,1546.3,19
2025-01-25T01:00:00,Machine 4,87.91,5.662,104.31,1518.6,19
2025-01-25T02:00:00,Machine 4,87.40,5.399,103.49,1513.1,19
2025-01-25T03:00:00,Machine 4,90.98,5.425,108.81,1548.4,20
2025-01-25T04:00:00,Machine 4,87.43,5.177,103.43,1512.5,20
2025-01-25T05:00:00,Machine 4,89.82,5.761,106.96,1535.9,20
2025-01-25T06:00:00,Machine 4,90.03,4.870,107.21,1537.5,18
2025-01-25T07:00:00,Machine 4,90.25,5.633,107.48,1539.2,21
2025-01-25T08:00:00,Machine 4,88.07,4.887,104.17,1517.0,20
2025-01-25T09:00:00,Machine 4,91.11,5.635,108.67,1546.8,19
2025-01-25T10:00:00,Machine 4,88.70,5.387,105.00,1522.3,20
2025-01-25T11:00:00,Machine 4,89.63,5.037,106.34,1531.1,21
2025-01-25T12:00:00,Machine 4,89.77,5.831,106.49,1532.0,19
2025-01-25T13:00:00,Machine 4,90.22,5.725,107.11,1536.1,20
2025-01-25T14:00:00,Machine 4,91.30,5.584,108.69,1546.5,21
2025-01-25T15:00:00,Machine 4,88.88,5.151,105.00,1521.8,21
2025-01-25T16:00:00,Machine 4,89.25,5.354,105.50,1525.0,20
2025-01-25T17:00:00,Machine 4,91.14,5.611,108.27,1543.4,19
2025-01-25T18:00:00,Machine 4,89.06,5.684,105.10,1522.1,22
2025-01-25T19:00:00,Machine 4,91.05,5.054,108.03,1541.6,20
2025-01-25T20:00:00,Machine 4,88.06,5.778,103.49,1511.2,22
2025-01-25T21:00:00,Machine 4,89.36,5.533,105.38,1523.7,20
2025-01-25T22:00:00,Machine 4,88.31,5.485,103.76,1512.8,20
2025-01-25T23:00:00,Machine 4,90.79,5.468,107.43,1537.2,19
2025-01-26T00:00:00,Machine 4,91.33,5.059,108.18,1542.1,22
2025-01-26T01:00:00,Machine 4,90.81,5.338,107.34,1536.3,19
2025-01-26T02:00:00,Machine 4,90.62,5.493,107.01,1534.0,21
2025-01-26T03:00:00,Machine 4,91.65,5.475,108.50,1543.9,19
2025-01-26T04:00:00,Machine 4,89.45,5.904,105.14,1521.3,22
2025-01-26T05:00:00,Machine 4,89.54,5.262,105.22,1521.8,21
2025-01-26T06:00:00,Machine 4,87.81,5.518,102.57,1504.0,21
2025-01-26T07:00:00,Machine 4,88.27,5.398,103.21,1508.1,18
2025-01-26T08:00:00,Machine 4,89.82,5.879,105.49,1523.2,19
2025-01-26T09:00:00,Machine 4,91.50,5.201,107.94,1539.5,21
2025-01-26T10:00:00,Machine 4,90.98,5.576,107.11,1533.9,21
2025-01-26T11:00:00,Machine 4,89.75,5.005,105.21,1521.1,22
2025-01-26T12:00:00,Machine 4,89.17,5.835,104.29,1514.9,21
2025-01-26T13:00:00,Machine 4,88.45,5.263,103.15,1507.2,18
2025-01-26T14:00:00,Machine 4,90.36,5.925,105.96,1525.8,21
2025-01-26T15:00:00,Machine 4,91.60,5.837,107.77,1537.8,19
2025-01-26T16:00:00,Machine 4,91.01,5.807,106.82,1531.3,20
2025-01-26T17:00:00,Machine 4,90.72,5.323,106.34,1528.0,20
2025-01-26T18:00:00,Machine 4,91.27,5.575,107.11,1533.1,19
2025-01-26T19:00:00,Machine 4,91.96,5.408,108.09,1539.5,19
2025-01-26T20:00:00,Machine 4,91.90,5.495,107.94,1538.4,18
2025-01-26T21:00:00,Machine 4,88.17,5.393,102.30,1500.6,20
2025-01-26T22:00:00,Machine 4,92.10,5.341,108.13,1539.4,21
2025-01-26T23:00:00,Machine 4,88.70,5.362,102.98,1505.0,21
2025-01-27T00:00:00,Machine 4,91.01,5.756,106.39,1527.6,19
2025-01-27T01:00:00,Machine 4,88.68,5.900,102.85,1503.9,21
2025-01-27T02:00:00,Machine 4,89.80,5.584,104.46,1514.5,19
2025-01-27T03:00:00,Machine 4,88.62,5.210,102.64,1502.3,18
2025-01-27T04:00:00,Machine 4,89.19,5.552,103.43,1507.5,19
2025-01-27T05:00:00,Machine 4,88.52,5.120,102.38,1500.3,18
2025-01-27T06:00:00,Machine 4,89.94,5.085,104.45,1514.1,20
2025-01-27T07:00:00,Machine 4,89.04,5.348,103.05,1504.6,21
2025-01-27T08:00:00,Machine 4,88.84,5.632,102.70,1502.1,18
2025-01-27T09:00:00,Machine 4,91.21,5.585,106.20,1525.4,18
2025-01-27T10:00:00,Machine 4,92.43,5.347,107.97,1537.1,18
2025-01-27T11:00:00,Machine 4,90.70,5.578,105.32,1519.3,21
2025-01-27T12:00:00,Machine 4,91.05,5.071,105.79,1522.3,20
2025-01-27T13:00:00,Machine 4,90.17,5.886,104.42,1513.1,21
2025-01-27T14:00:00,Machine 4,92.06,5.698,107.20,1531.5,18
2025-01-27T15:00:00,Machine 4,91.41,5.990,106.17,1524.6,21
2025-01-27T16:00:00,Machine 4,90.73,5.074,105.10,1517.3,18
2025-01-27T17:00:00,Machine 4,88.85,5.444,102.23,1498.1,18
2025-01-27T18:00:00,Machine 4,90.02,5.611,103.92,1509.3,21
2025-01-27T19:00:00,Machine 4,91.29,5.272,105.77,1521.5,18
2025-01-27T20:00:00,Machine 4,89.85,6.039,103.56,1506.7,20
2025-01-27T21:00:00,Machine 4,90.12,5.809,103.91,1508.8,18
2025-01-27T22:00:00,Machine 4,89.31,5.694,102.63,1500.3,21
2025-01-27T23:00:00,Machine 4,90.31,5.295,104.08,1509.8,21
2025-01-28T00:00:00,Machine 4,89.32,5.640,102.54,1499.4,18
2025-01-28T01:00:00,Machine 4,91.56,5.518,105.85,1521.4,21
2025-01-28T02:00:00,Machine 4,92.83,5.180,107.69,1533.6,20
2025-01-28T03:00:00,Machine 4,90.47,5.179,104.11,1509.6,20
2025-01-28T04:00:00,Machine 4,89.16,5.775,102.08,1496.0,19
2025-01-28T05:00:00,Machine 4,90.43,5.904,103.93,1508.2,19
2025-01-28T06:00:00,Machine 4,90.96,5.770,104.68,1513.1,21
2025-01-28T07:00:00,Machine 4,92.38,5.994,106.75,1526.8,21
2025-01-28T08:00:00,Machine 4,90.99,5.680,104.61,1512.4,18
2025-01-28T09:00:00,Machine 4,89.68,5.571,102.59,1498.8,18
2025-01-28T10:00:00,Machine 4,91.17,6.005,104.77,1513.3,21
2025-01-28T11:00:00,Machine 4,91.02,5.916,104.48,1511.2,19
2025-01-28T12:00:00,Machine 4,90.68,6.092,103.92,1507.4,20
2025-01-28T13:00:00,Machine 4,91.68,5.552,105.37,1516.9,18
2025-01-28T14:00:00,Machine 4,90.12,5.185,102.98,1500.9,17
2025-01-28T15:00:00,Machine 4,90.80,6.159,103.95,1507.3,21
2025-01-28T16:00:00,Machine 4,91.23,5.665,104.54,1511.1,20
2025-01-28T17:00:00,Machine 4,90.72,5.299,103.71,1505.5,21
2025-01-28T18:00:00,Machine 4,89.86,5.301,102.36,1496.4,19
2025-01-28T19:00:00,Machine 4,89.63,5.629,101.97,1493.6,19
2025-01-28T20:00:00,Machine 4,89.98,5.766,102.43,1496.6,20
2025-01-28T21:00:00,Machine 4,91.15,5.258,104.14,1507.9,20
2025-01-28T22:00:00,Machine 4,92.90,6.044,106.71,1524.9,18
2025-01-28T23:00:00,Machine 4,91.40,5.750,104.41,1509.5,21
2025-01-29T00:00:00,Machine 4,92.63,5.402,106.19,1521.3,18
2025-01-29T01:00:00,Machine 4,90.53,5.209,102.98,1499.8,18
2025-01-29T02:00:00,Machine 4,92.79,6.193,106.33,1522.0,20
2025-01-29T03:00:00,Machine 4,89.69,5.557,101.62,1490.5,18
2025-01-29T04:00:00,Machine 4,89.81,5.250,101.75,1491.2,19
2025-01-29T05:00:00,Machine 4,93.01,5.790,106.50,1522.8,20
2025-01-29T06:00:00,Machine 4,92.05,6.203,105.00,1512.7,17
2025-01-29T07:00:00,Machine 4,91.84,5.704,104.62,1510.1,18
2025-01-29T08:00:00,Machine 4,90.42,5.959,102.44,1495.4,19
2025-01-29T09:00:00,Machine 4,93.67,5.335,107.26,1527.5,20
2025-01-29T10:00:00,Machine 4,90.49,6.075,102.43,1495.2,18
2025-01-29T11:00:00,Machine 4,93.16,5.936,106.39,1521.5,20
2025-01-29T12:00:00,Machine 4,91.63,5.560,104.04,1505.7,18
2025-01-29T13:00:00,Machine 4,90.27,5.759,101.94,1491.6,20
2025-01-29T14:00:00,Machine 4,91.31,6.153,103.45,1501.5,20
2025-01-29T15:00:00,Machine 4,90.01,5.873,101.45,1488.1,18
2025-01-29T16:00:00,Machine 4,91.85,6.084,104.14,1506.0,19
2025-01-29T17:00:00,Machine 4,90.41,5.642,101.93,1491.1,18
2025-01-29T18:00:00,Machine 4,90.83,6.028,102.51,1494.9,17
2025-01-29T19:00:00,Machine 4,93.61,6.257,106.62,1522.2,18
2025-01-29T20:00:00,Machine 4,90.83,5.454,102.40,1493.9,18
2025-01-29T21:00:00,Machine 4,93.47,5.796,106.31,1519.9,18
2025-01-29T22:00:00,Machine 4,92.60,5.851,104.95,1510.7,19
2025-01-29T23:00:00,Machine 4,92.67,5.361,105.00,1510.9,17
2025-01-30T00:00:00,Machine 4,90.17,6.095,101.20,1485.5,17
2025-01-30T01:00:00,Machine 4,93.93,6.017,106.78,1522.6,17
2025-01-30T02:00:00,Machine 4,93.27,5.919,105.74,1515.5,19
2025-01-30T03:00:00,Machine 4,93.48,5.795,106.00,1517.2,17
2025-01-30T04:00:00,Machine 4,92.28,5.983,104.14,1504.7,18
2025-01-30T05:00:00,Machine 4,91.69,5.528,103.20,1498.3,21
2025-01-30T06:00:00,Machine 4,90.90,6.152,101.96,1489.9,20
2025-01-30T07:00:00,Machine 4,90.48,6.291,101.27,1485.3,17
2025-01-30T08:00:00,Machine 4,90.45,5.925,101.17,1484.5,20
2025-01-30T09:00:00,Machine 4,91.81,5.905,103.16,1497.7,17
2025-01-30T10:00:00,Machine 4,92.55,5.434,104.22,1504.6,18
2025-01-30T11:00:00,Machine 4,92.54,6.038,104.15,1504.0,17
2025-01-30T12:00:00,Machine 4,92.61,6.057,104.19,1504.2,20
2025-01-30T13:00:00,Machine 4,90.72,5.408,101.31,1484.9,17
2025-01-30T14:00:00,Machine 4,93.31,5.867,105.14,1510.3,19
2025-01-30T15:00:00,Machine 4,90.79,6.264,101.31,1484.7,17
2025-01-30T16:00:00,Machine 4,92.37,5.903,103.61,1499.9,20
2025-01-30T17:00:00,Machine 4,92.95,5.392,104.43,1505.3,17
2025-01-30T18:00:00,Machine 4,92.85,6.124,104.22,1503.8,17
2025-01-30T19:00:00,Machine 4,93.10,5.950,104.55,1505.9,17
2025-01-30T20:00:00,Machine 4,93.04,5.915,104.40,1504.7,19
2025-01-30T21:00:00,Machine 4,92.90,6.329,104.14,1502.9,17
2025-01-30T22:00:00,Machine 4,92.71,5.897,103.80,1500.5,19
2025-01-30T23:00:00,Machine 4,94.10,6.231,105.82,1513.9,17
2025-01-01T00:00:00,Machine 5,78.20,3.259,121.80,1612.0,29
2025-01-01T01:00:00,Machine 5,78.83,2.939,122.68,1617.7,30
2025-01-01T02:00:00,Machine 5,78.45,2.906,122.04,1613.4,29
2025-01-01T03:00:00,Machine 5,78.74,3.529,122.41,1615.7,29
2025-01-01T04:00:00,Machine 5,76.35,3.306,118.76,1591.2,31
2025-01-01T05:00:00,Machine 5,77.75,3.163,120.80,1604.7,28
2025-01-01T06:00:00,Machine 5,79.01,2.867,122.62,1616.7,31
2025-01-01T07:00:00,Machine 5,79.01,3.186,122.55,1616.1,30
2025-01-01T08:00:00,Machine 5,75.80,3.169,117.68,1583.5,28
2025-01-01T09:00:00,Machine 5,76.45,3.545,118.58,1589.4,28
2025-01-01T10:00:00,Machine 5,78.13,2.947,121.04,1605.7,30
2025-01-01T11:00:00,Machine 5,79.17,3.192,122.54,1615.5,28
2025-01-01T12:00:00,Machine 5,79.08,3.198,122.34,1614.1,30
2025-01-01T13:00:00,Machine 5,76.81,2.900,118.87,1590.8,28
2025-01-01T14:00:00,Machine 5,76.96,3.216,119.03,1591.8,29
2025-01-01T15:00:00,Machine 5,78.87,3.238,121.82,1610.3,31
2025-01-01T16:00:00,Machine 5,77.19,3.242,119.23,1592.9,30
2025-01-01T17:00:00,Machine 5,79.09,3.712,122.02,1611.4,30
2025-01-01T18:00:00,Machine 5,79.10,3.184,121.97,1610.9,31
2025-01-01T19:00:00,Machine 5,78.36,3.243,120.80,1602.9,30
2025-01-01T20:00:00,Machine 5,78.16,3.202,120.43,1600.4,31
2025-01-01T21:00:00,Machine 5,77.56,3.452,119.46,1593.8,31
2025-01-01T22:00:00,Machine 5,77.21,3.217,118.86,1589.7,28
2025-01-01T23:00:00,Machine 5,78.15,3.205,120.21,1598.5,27
2025-01-02T00:00:00,Machine 5,77.65,2.948,119.40,1593.0,29
2025-01-02T01:00:00,Machine 5,79.67,3.806,122.37,1612.6,30
2025-01-02T02:00:00,Machine 5,76.03,2.981,116.85,1575.7,30
2025-01-02T03:00:00,Machine 5,77.88,3.518,119.55,1593.6,28
2025-01-02T04:00:00,Machine 5,75.99,3.405,116.65,1574.2,29
2025-01-02T05:00:00,Machine 5,77.85,3.164,119.38,1592.2,30
2025-01-02T06:00:00,Machine 5,79.24,3.398,121.39,1605.5,29
2025-01-02T07:00:00,Machine 5,79.20,3.124,121.26,1604.5,28
2025-01-02T08:00:00,Machine 5,78.45,3.035,120.07,1596.5,29
2025-01-02T09:00:00,Machine 5,79.25,3.586,121.21,1603.9,30
2025-01-02T10:00:00,Machine 5,79.19,3.066,121.06,1602.8,28
2025-01-02T11:00:00,Machine 5,79.86,3.592,121.99,1608.9,31
2025-01-02T12:00:00,Machine 5,78.27,3.618,119.55,1592.5,27
2025-01-02T13:00:00,Machine 5,80.10,3.830,122.23,1610.2,30
2025-01-02T14:00:00,Machine 5,77.74,3.512,118.61,1586.0,28
2025-01-02T15:00:00,Machine 5,77.43,3.634,118.09,1582.4,30
2025-01-02T16:00:00,Machine 5,79.90,3.150,121.73,1606.5,30
2025-01-02T17:00:00,Machine 5,79.23,3.694,120.65,1599.2,29
2025-01-02T18:00:00,Machine 5,76.64,3.005,116.70,1572.7,27
2025-01-02T19:00:00,Machine 5,76.98,2.918,117.15,1575.6,29
2025-01-02T20:00:00,Machine 5,79.61,3.060,121.03,1601.4,30
2025-01-02T21:00:00,Machine 5,77.65,3.729,118.02,1581.1,29
2025-01-02T22:00:00,Machine 5,78.83,3.876,119.72,1592.4,30
2025-01-02T23:00:00,Machine 5,78.71,3.027,119.47,1590.6,29
2025-01-03T00:00:00,Machine 5,78.49,3.345,119.08,1587.9,28
2025-01-03T01:00:00,Machine 5,77.56,3.822,117.63,1578.1,28
2025-01-03T02:00:00,Machine 5,80.37,3.631,121.77,1605.6,27
2025-01-03T03:00:00,Machine 5,79.84,3.052,120.91,1599.7,29
2025-01-03T04:00:00,Machine 5,79.93,3.668,120.98,1600.0,27
2025-01-03T05:00:00,Machine 5,77.20,3.049,116.82,1572.2,29
2025-01-03T06:00:00,Machine 5,80.19,3.787,121.24,1601.5,28
2025-01-03T07:00:00,Machine 5,77.10,3.022,116.54,1570.1,29
2025-01-03T08:00:00,Machine 5,79.82,3.066,120.55,1596.7,27
2025-01-03T09:00:00,Machine 5,80.23,3.667,121.11,1600.3,30
2025-01-03T10:00:00,Machine 5,77.40,3.952,116.79,1571.4,30
2025-01-03T11:00:00,Machine 5,77.17,3.783,116.38,1568.5,30
2025-01-03T12:00:00,Machine 5,77.90,3.520,117.41,1575.2,28
2025-01-03T13:00:00,Machine 5,76.96,3.567,115.94,1565.3,30
2025-01-03T14:00:00,Machine 5,79.33,3.672,119.42,1588.4,29
2025-01-03T15:00:00,Machine 5,77.80,3.372,117.07,1572.6,30
2025-01-03T16:00:00,Machine 5,78.31,3.520,117.76,1577.1,27
2025-01-03T17:00:00,Machine 5,79.81,3.522,119.95,1591.5,30
2025-01-03T18:00:00,Machine 5,77.43,3.930,116.31,1567.1,27
2025-01-03T19:00:00,Machine 5,79.74,3.497,119.71,1589.7,30
2025-01-03T20:00:00,Machine 5,78.60,3.385,117.93,1577.7,28
2025-01-03T21:00:00,Machine 5,81.11,3.409,121.64,1602.3,29
2025-01-03T22:00:00,Machine 5,77.96,3.690,116.84,1570.2,28
2025-01-03T23:00:00,Machine 5,80.53,3.744,120.63,1595.3,27
2025-01-04T00:00:00,Machine 5,79.96,3.388,119.72,1589.1,28
2025-01-04T01:00:00,Machine 5,80.26,3.457,120.09,1591.5,29
2025-01-04T02:00:00,Machine 5,78.43,3.567,117.29,1572.7,30
2025-01-04T03:00:00,Machine 5,78.91,3.146,117.94,1576.9,29
2025-01-04T04:00:00,Machine 5,78.17,3.509,116.76,1568.9,27
2025-01-04T05:00:00,Machine 5,79.81,3.198,119.16,1584.8,29
2025-01-04T06:00:00,Machine 5,77.48,3.492,115.60,1560.9,29
2025-01-04T07:00:00,Machine 5,79.95,4.091,119.23,1585.0,27
2025-01-04T08:00:00,Machine 5,81.30,3.265,121.21,1598.0,29
2025-01-04T09:00:00,Machine 5,80.28,3.870,119.60,1587.2,30
2025-01-04T10:00:00,Machine 5,81.16,4.064,120.86,1595.5,27
2025-01-04T11:00:00,Machine 5,80.06,3.640,119.14,1583.9,29
2025-01-04T12:00:00,Machine 5,81.36,3.619,121.03,1596.4,28
2025-01-04T13:00:00,Machine 5,80.08,3.789,119.05,1583.0,28
2025-01-04T14:00:00,Machine 5,81.01,3.858,120.37,1591.7,28
2025-01-04T15:00:00,Machine 5,78.11,3.262,115.95,1562.1,26
2025-01-04T16:00:00,Machine 5,80.89,3.269,120.06,1589.4,28
2025-01-04T17:00:00,Machine 5,78.99,3.426,117.15,1569.9,27
2025-01-04T18:00:00,Machine 5,81.04,3.403,120.15,1589.7,27
2025-01-04T19:00:00,Machine 5,78.29,3.773,115.97,1561.8,26
2025-01-04T20:00:00,Machine 5,80.82,3.369,119.69,1586.5,27
2025-01-04T21:00:00,Machine 5,77.96,4.145,115.34,1557.3,29
2025-01-04T22:00:00,Machine 5,79.67,3.524,117.84,1573.9,28
2025-01-04T23:00:00,Machine 5,81.42,3.386,120.40,1590.8,28
2025-01-05T00:00:00,Machine 5,79.82,3.620,117.93,1574.2,29
2025-01-05T01:00:00,Machine 5,80.40,4.165,118.74,1579.5,27
2025-01-05T02:00:00,Machine 5,81.68,3.280,120.59,1591.7,26
2025-01-05T03:00:00,Machine 5,82.09,3.664,121.14,1595.2,29
2025-01-05T04:00:00,Machine 5,79.30,3.740,116.89,1566.8,27
2025-01-05T05:00:00,Machine 5,80.37,3.630,118.43,1576.9,30
2025-01-05T06:00:00,Machine 5,80.01,3.451,117.82,1572.7,27
2025-01-05T07:00:00,Machine 5,80.14,3.231,117.94,1573.4,29
2025-01-05T08:00:00,Machine 5,79.92,3.374,117.56,1570.7,26
2025-01-05T09:00:00,Machine 5,80.86,3.930,118.90,1579.6,28
2025-01-05T10:00:00,Machine 5,78.74,3.447,115.65,1557.8,26
2025-01-05T11:00:00,Machine 5,79.49,4.156,116.71,1564.7,28
2025-01-05T12:00:00,Machine 5,79.46,4.184,116.61,1563.9,29
2025-01-05T13:00:00,Machine 5,82.25,3.338,120.72,1591.2,27
2025-01-05T14:00:00,Machine 5,80.35,3.382,117.81,1571.7,29
2025-01-05T15:00:00,Machine 5,80.18,4.201,117.49,1569.4,29
2025-01-05T16:00:00,Machine 5,81.67,4.189,119.65,1583.7,27
2025-01-05T17:00:00,Machine 5,79.47,3.272,116.29,1561.2,27
2025-01-05T18:00:00,Machine 5,80.55,3.994,117.84,1571.4,28
2025-01-05T19:00:00,Machine 5,79.31,3.593,115.92,1558.4,27
2025-01-05T20:00:00,Machine 5,79.47,3.641,116.09,1559.5,26
2025-01-05T21:00:00,Machine 5,79.81,3.490,116.54,1562.3,28
2025-01-05T22:00:00,Machine 5,80.38,3.427,117.33,1567.4,29
2025-01-05T23:00:00,Machine 5,78.84,4.144,114.96,1551.5,29
2025-01-06T00:00:00,Machine 5,79.56,3.931,115.96,1558.1,27
2025-01-06T01:00:00,Machine 5,82.07,3.415,119.67,1582.6,27
2025-01-06T02:00:00,Machine 5,82.01,3.759,119.51,1581.5,29
2025-01-06T03:00:00,Machine 5,80.91,3.599,117.80,1570.0,28
2025-01-06T04:00:00,Machine 5,81.74,4.271,118.97,1577.6,25
2025-01-06T05:00:00,Machine 5,82.11,3.439,119.46,1580.7,26
2025-01-06T06:00:00,Machine 5,82.21,3.793,119.55,1581.2,29
2025-01-06T07:00:00,Machine 5,79.43,4.172,115.31,1552.9,26
2025-01-06T08:00:00,Machine 5,80.31,4.217,116.57,1561.1,26
2025-01-06T09:00:00,Machine 5,79.76,4.080,115.67,1555.0,29
2025-01-06T10:00:00,Machine 5,82.11,4.330,119.13,1577.9,26
2025-01-06T11:00:00,Machine 5,79.24,3.851,114.76,1548.7,28
2025-01-06T12:00:00,Machine 5,79.53,4.238,115.13,1551.0,29
2025-01-06T13:00:00,Machine 5,80.76,3.927,116.91,1562.8,26
2025-01-06T14:00:00,Machine 5,79.28,3.835,114.63,1547.5,26
2025-01-06T15:00:00,Machine 5,83.10,4.103,120.29,1585.1,26
2025-01-06T16:00:00,Machine 5,81.95,3.655,118.51,1573.0,28
2025-01-06T17:00:00,Machine 5,82.26,4.304,118.90,1575.5,27
2025-01-06T18:00:00,Machine 5,81.28,4.282,117.36,1565.2,27
2025-01-06T19:00:00,Machine 5,80.11,4.035,115.54,1552.9,26
2025-01-06T20:00:00,Machine 5,82.18,3.804,118.59,1573.1,25
2025-01-06T21:00:00,Machine 5,81.66,3.743,117.74,1567.3,27
2025-01-06T22:00:00,Machine 5,81.49,3.546,117.42,1565.1,27
2025-01-06T23:00:00,Machine 5,80.01,3.523,115.12,1549.6,28
2025-01-07T00:00:00,Machine 5,81.08,3.586,116.67,1559.8,25
2025-01-07T01:00:00,Machine 5,80.15,4.248,115.20,1549.9,27
2025-01-07T02:00:00,Machine 5,80.79,3.843,116.10,1555.8,27
2025-01-07T03:00:00,Machine 5,80.48,3.540,115.58,1552.2,28
2025-01-07T04:00:00,Machine 5,81.59,3.954,117.17,1562.6,25
2025-01-07T05:00:00,Machine 5,80.85,3.624,116.00,1554.7,28
2025-01-07T06:00:00,Machine 5,82.66,3.801,118.65,1572.2,28
2025-01-07T07:00:00,Machine 5,81.94,3.611,117.50,1564.4,28
2025-01-07T08:00:00,Machine 5,81.01,3.915,116.04,1554.6,27
2025-01-07T09:00:00,Machine 5,83.23,4.022,119.31,1576.3,25
2025-01-07T10:00:00,Machine 5,80.47,3.637,115.10,1548.1,26
2025-01-07T11:00:00,Machine 5,82.81,3.819,118.55,1571.0,26
2025-01-07T12:00:00,Machine 5,81.63,3.836,116.71,1558.6,28
2025-01-07T13:00:00,Machine 5,82.68,4.260,118.21,1568.4,26
2025-01-07T14:00:00,Machine 5,81.15,4.147,115.85,1552.6,28
2025-01-07T15:00:00,Machine 5,83.68,3.592,119.59,1577.4,25
2025-01-07T16:00:00,Machine 5,81.43,4.357,116.14,1554.3,25
2025-01-07T17:00:00,Machine 5,82.55,4.199,117.76,1565.0,28
2025-01-07T18:00:00,Machine 5,80.53,3.918,114.66,1544.1,28
2025-01-07T19:00:00,Machine 5,82.14,3.969,117.01,1559.7,28
2025-01-07T20:00:00,Machine 5,83.47,3.676,118.94,1572.5,27
2025-01-07T21:00:00,Machine 5,81.41,3.543,115.78,1551.2,27
2025-01-07T22:00:00,Machine 5,80.53,3.795,114.40,1541.9,24
2025-01-07T23:00:00,Machine 5,81.33,3.906,115.54,1549.4,27
2025-01-08T00:00:00,Machine 5,80.94,4.467,114.88,1544.9,28
2025-01-08T01:00:00,Machine 5,83.47,3.746,118.62,1569.7,28
2025-01-08T02:00:00,Machine 5,81.51,4.437,115.60,1549.4,28
2025-01-08T03:00:00,Machine 5,81.45,4.435,115.45,1548.3,25
2025-01-08T04:00:00,Machine 5,81.36,3.739,115.25,1546.9,27
2025-01-08T05:00:00,Machine 5,83.15,4.152,117.87,1564.2,27
2025-01-08T06:00:00,Machine 5,83.97,4.462,119.04,1571.9,25
2025-01-08T07:00:00,Machine 5,84.15,3.676,119.25,1573.1,25
2025-01-08T08:00:00,Machine 5,80.55,4.528,113.78,1536.5,27
2025-01-08T09:00:00,Machine 5,84.11,3.722,119.05,1571.6,25
2025-01-08T10:00:00,Machine 5,81.66,4.088,115.31,1546.5,26
2025-01-08T11:00:00,Machine 5,82.05,4.427,115.83,1549.8,27
2025-01-08T12:00:00,Machine 5,81.47,4.015,114.89,1543.5,28
2025-01-08T13:00:00,Machine 5,84.31,3.771,119.09,1571.3,27
2025-01-08T14:00:00,Machine 5,84.64,3.630,119.52,1574.0,28
2025-01-08T15:00:00,Machine 5,82.70,4.117,116.54,1554.0,26
2025-01-08T16:00:00,Machine 5,82.39,4.280,116.01,1550.4,25
2025-01-08T17:00:00,Machine 5,82.35,3.875,115.89,1549.5,27
2025-01-08T18:00:00,Machine 5,82.99,4.240,116.78,1555.3,28
2025-01-08T19:00:00,Machine 5,81.91,4.395,115.10,1543.9,26
2025-01-08T20:00:00,Machine 5,81.64,4.328,114.62,1540.6,24
2025-01-08T21:00:00,Machine 5,81.04,3.694,113.66,1534.1,24
2025-01-08T22:00:00,Machine 5,82.93,4.616,116.42,1552.4,28
2025-01-08T23:00:00,Machine 5,83.45,4.405,117.14,1557.1,24
2025-01-09T00:00:00,Machine 5,84.33,4.329,118.40,1565.3,25
2025-01-09T01:00:00,Machine 5,84.48,4.612,118.56,1566.3,26
2025-01-09T02:00:00,Machine 5,82.43,4.012,115.41,1545.1,26
2025-01-09T03:00:00,Machine 5,85.09,4.218,119.34,1571.2,25
2025-01-09T04:00:00,Machine 5,83.23,4.033,116.48,1552.0,26
2025-01-09T05:00:00,Machine 5,83.18,3.894,116.34,1551.0,24
2025-01-09T06:00:00,Machine 5,81.42,4.688,113.63,1532.8,27
2025-01-09T07:00:00,Machine 5,83.01,3.840,115.95,1548.1,25
2025-01-09T08:00:00,Machine 5,82.50,3.946,115.13,1542.5,24
2025-01-09T09:00:00,Machine 5,84.82,3.913,118.54,1565.1,25
2025-01-09T10:00:00,Machine 5,83.38,4.626,116.31,1550.2,26
2025-01-09T11:00:00,Machine 5,84.29,4.568,117.61,1558.7,25
2025-01-09T12:00:00,Machine 5,82.90,4.631,115.46,1544.3,27
2025-01-09T13:00:00,Machine 5,82.18,3.779,114.32,1536.5,25
2025-01-09T14:00:00,Machine 5,85.10,4.695,118.63,1565.1,25
2025-01-09T15:00:00,Machine 5,82.99,4.556,115.41,1543.5,26
2025-01-09T16:00:00,Machine 5,84.25,3.804,117.22,1555.5,26
2025-01-09T17:00:00,Machine 5,83.74,3.847,116.39,1549.8,24
2025-01-09T18:00:00,Machine 5,82.98,4.542,115.19,1541.7,24
2025-01-09T19:00:00,Machine 5,83.79,4.079,116.33,1549.2,27
2025-01-09T20:00:00,Machine 5,82.78,3.851,114.75,1538.5,25
2025-01-09T21:00:00,Machine 5,83.96,4.633,116.46,1549.8,25
2025-01-09T22:00:00,Machine 5,84.07,4.697,116.56,1550.3,27
2025-01-09T23:00:00,Machine 5,82.94,3.940,114.81,1538.5,27
2025-01-10T00:00:00,Machine 5,84.33,4.563,116.83,1551.8,24
2025-01-10T01:00:00,Machine 5,85.77,4.152,118.91,1565.6,25
2025-01-10T02:00:00,Machine 5,85.78,4.512,118.86,1565.1,26
2025-01-10T03:00:00,Machine 5,82.40,4.530,113.73,1530.9,25
2025-01-10T04:00:00,Machine 5,85.75,3.845,118.69,1563.7,26
2025-01-10T05:00:00,Machine 5,85.89,4.323,118.83,1564.6,26
2025-01-10T06:00:00,Machine 5,83.19,4.593,114.71,1537.0,26
2025-01-10T07:00:00,Machine 5,83.51,4.009,115.13,1539.6,23
2025-01-10T08:00:00,Machine 5,85.11,4.206,117.47,1555.1,26
2025-01-10T09:00:00,Machine 5,84.19,4.261,116.02,1545.3,25
2025-01-10T10:00:00,Machine 5,83.45,4.365,114.84,1537.3,25
2025-01-10T11:00:00,Machine 5,83.56,4.792,114.95,1537.9,25
2025-01-10T12:00:00,Machine 5,85.43,4.780,117.68,1556.0,27
2025-01-10T13:00:00,Machine 5,84.04,4.550,115.53,1541.6,26
2025-01-10T14:00:00,Machine 5,85.40,4.551,117.51,1554.7,24
2025-01-10T15:00:00,Machine 5,83.07,4.246,113.95,1530.8,27
2025-01-10T16:00:00,Machine 5,83.02,3.976,113.80,1529.7,26
2025-01-10T17:00:00,Machine 5,86.05,4.496,118.28,1559.4,24
2025-01-10T18:00:00,Machine 5,84.19,3.983,115.42,1540.2,26
2025-01-10T19:00:00,Machine 5,85.82,4.461,117.81,1556.0,26
2025-01-10T20:00:00,Machine 5,84.43,4.123,115.66,1541.6,27
2025-01-10T21:00:00,Machine 5,86.28,4.770,118.36,1559.4,26
2025-01-10T22:00:00,Machine 5,86.05,3.910,117.95,1556.6,24
2025-01-10T23:00:00,Machine 5,83.21,4.341,113.64,1527.7,25
2025-01-11T00:00:00,Machine 5,85.00,4.455,116.25,1545.0,25
2025-01-11T01:00:00,Machine 5,85.63,3.977,117.12,1550.7,24
2025-01-11T02:00:00,Machine 5,85.37,4.449,116.67,1547.6,25
2025-01-11T03:00:00,Machine 5,83.87,4.283,114.36,1532.0,26
2025-01-11T04:00:00,Machine 5,83.83,4.829,114.24,1531.1,24
2025-01-11T05:00:00,Machine 5,85.47,4.445,116.63,1546.9,25
2025-01-11T06:00:00,Machine 5,85.72,4.791,116.94,1548.8,27
2025-01-11T07:00:00,Machine 5,83.43,4.597,113.44,1525.4,26
2025-01-11T08:00:00,Machine 5,85.58,4.254,116.59,1546.3,25
2025-01-11T09:00:00,Machine 5,86.00,4.084,117.16,1549.9,25
2025-01-11T10:00:00,Machine 5,86.24,4.488,117.45,1551.8,24
2025-01-11T11:00:00,Machine 5,83.05,4.451,112.60,1519.3,24
2025-01-11T12:00:00,Machine 5,83.35,4.771,112.99,1521.7,26
2025-01-11T13:00:00,Machine 5,84.56,4.679,114.74,1533.3,23
2025-01-11T14:00:00,Machine 5,85.59,4.412,116.21,1543.0,26
2025-01-11T15:00:00,Machine 5,86.88,4.153,118.09,1555.4,25
2025-01-11T16:00:00,Machine 5,86.49,4.397,117.44,1550.9,25
2025-01-11T17:00:00,Machine 5,84.00,4.577,113.64,1525.5,23
2025-01-11T18:00:00,Machine 5,85.82,4.352,116.30,1543.1,26
2025-01-11T19:00:00,Machine 5,85.49,4.448,115.74,1539.2,26
2025-01-11T20:00:00,Machine 5,83.57,4.770,112.79,1519.4,25
2025-01-11T21:00:00,Machine 5,84.67,4.853,114.38,1529.9,23
2025-01-11T22:00:00,Machine 5,83.66,4.951,112.79,1519.2,23
2025-01-11T23:00:00,Machine 5,84.23,4.905,113.58,1524.4,23
2025-01-12T00:00:00,Machine 5,85.42,4.922,115.31,1535.7,26
2025-01-12T01:00:00,Machine 5,86.62,4.967,117.04,1547.1,25
2025-01-12T02:00:00,Machine 5,84.30,4.398,113.50,1523.4,26
2025-01-12T03:00:00,Machine 5,85.12,4.252,114.65,1531.0,25
2025-01-12T04:00:00,Machine 5,83.67,4.501,112.42,1516.0,24
2025-01-12T05:00:00,Machine 5,83.70,4.792,112.40,1515.7,23
2025-01-12T06:00:00,Machine 5,85.78,4.407,115.45,1535.9,26
2025-01-12T07:00:00,Machine 5,87.09,4.073,117.34,1548.4,24
2025-01-12T08:00:00,Machine 5,83.55,4.676,111.98,1512.5,26
2025-01-12T09:00:00,Machine 5,86.55,4.380,116.41,1542.0,22
2025-01-12T10:00:00,Machine 5,84.67,4.995,113.53,1522.6,25
2025-01-12T11:00:00,Machine 5,87.56,4.438,117.79,1550.9,23
2025-01-12T12:00:00,Machine 5,85.71,4.321,114.95,1531.8,25
2025-01-12T13:00:00,Machine 5,84.15,4.192,112.55,1515.7,25
2025-01-12T14:00:00,Machine 5,85.25,4.316,114.13,1526.1,23
2025-01-12T15:00:00,Machine 5,84.27,4.966,112.60,1515.8,23
2025-01-12T16:00:00,Machine 5,84.87,5.099,113.43,1521.2,22
2025-01-12T17:00:00,Machine 5,84.15,4.586,112.28,1513.4,24
2025-01-12T18:00:00,Machine 5,83.82,4.655,111.72,1509.6,26
2025-01-12T19:00:00,Machine 5,85.05,4.586,113.51,1521.3,25
2025-01-12T20:00:00,Machine 5,86.74,4.829,115.97,1537.6,26
2025-01-12T21:00:00,Machine 5,86.27,4.350,115.20,1532.4,26
2025-01-12T22:00:00,Machine 5,85.03,4.493,113.28,1519.5,24
2025-01-12T23:00:00,Machine 5,86.40,4.354,115.27,1532.6,26
2025-01-13T00:00:00,Machine 5,87.96,5.102,117.53,1547.6,22
2025-01-13T01:00:00,Machine 5,87.74,4.869,117.14,1544.8,26
2025-01-13T02:00:00,Machine 5,87.46,5.111,116.66,1541.5,23
2025-01-13T03:00:00,Machine 5,87.70,5.142,116.96,1543.3,25
2025-01-13T04:00:00,Machine 5,86.36,4.431,114.87,1529.3,23
2025-01-13T05:00:00,Machine 5,86.54,4.601,115.08,1530.6,25
2025-01-13T06:00:00,Machine 5,84.61,4.530,112.12,1510.7,25
2025-01-13T07:00:00,Machine 5,85.89,4.976,113.97,1522.9,24
2025-01-13T08:00:00,Machine 5,85.86,4.923,113.87,1522.1,23
2025-01-13T09:00:00,Machine 5,86.23,4.814,114.36,1525.3,23
2025-01-13T10:00:00,Machine 5,86.21,4.446,114.25,1524.4,23
2025-01-13T11:00:00,Machine 5,84.99,4.198,112.36,1511.7,25
2025-01-13T12:00:00,Machine 5,87.80,4.267,116.51,1539.2,24
2025-01-13T13:00:00,Machine 5,86.25,4.865,114.12,1523.2,24
2025-01-13T14:00:00,Machine 5,86.02,4.850,113.71,1520.3,25
2025-01-13T15:00:00,Machine 5,86.24,4.824,113.98,1522.0,25
2025-01-13T16:00:00,Machine 5,86.13,4.808,113.74,1520.3,25
2025-01-13T17:00:00,Machine 5,87.08,4.609,115.11,1529.3,22
2025-01-13T18:00:00,Machine 5,87.02,4.973,114.95,1528.1,25
2025-01-13T19:00:00,Machine 5,85.33,4.488,112.35,1510.6,22
2025-01-13T20:00:00,Machine 5,88.36,4.495,116.82,1540.3,23
2025-01-13T21:00:00,Machine 5,86.07,5.224,113.33,1516.9,25
2025-01-13T22:00:00,Machine 5,86.33,4.470,113.65,1518.9,25
2025-01-13T23:00:00,Machine 5,85.19,5.106,111.88,1507.0,24
2025-01-14T00:00:00,Machine 5,86.67,4.971,114.03,1521.2,22
2025-01-14T01:00:00,Machine 5,86.03,4.880,113.01,1514.3,25
2025-01-14T02:00:00,Machine 5,86.31,5.122,113.36,1516.5,24
2025-01-14T03:00:00,Machine 5,85.64,4.476,112.28,1509.2,22
2025-01-14T04:00:00,Machine 5,87.11,4.518,114.43,1523.4,25
2025-01-14T05:00:00,Machine 5,88.50,4.455,116.45,1536.7,23
2025-01-14T06:00:00,Machine 5,87.82,4.708,115.36,1529.3,25
2025-01-14T07:00:00,Machine 5,88.96,4.978,117.01,1540.2,23
2025-01-14T08:00:00,Machine 5,87.97,5.099,115.46,1529.7,22
2025-01-14T09:00:00,Machine 5,86.79,5.298,113.62,1517.4,25
2025-01-14T10:00:00,Machine 5,87.24,4.996,114.23,1521.3,24
2025-01-14T11:00:00,Machine 5,88.65,5.252,116.28,1534.8,23
2025-01-14T12:00:00,Machine 5,85.36,4.640,111.28,1501.4,25
2025-01-14T13:00:00,Machine 5,88.68,4.691,116.19,1534.0,24
2025-01-14T14:00:00,Machine 5,86.16,4.610,112.34,1508.2,22
2025-01-14T15:00:00,Machine 5,86.41,5.195,112.65,1510.1,22
2025-01-14T16:00:00,Machine 5,87.62,4.792,114.40,1521.7,21
2025-01-14T17:00:00,Machine 5,85.86,4.421,111.71,1503.6,24
2025-01-14T18:00:00,Machine 5,88.41,4.633,115.45,1528.4,24
2025-01-14T19:00:00,Machine 5,86.10,4.800,111.93,1504.9,22
2025-01-14T20:00:00,Machine 5,88.20,4.756,115.02,1525.3,24
2025-01-14T21:00:00,Machine 5,87.38,4.770,113.71,1516.5,24
2025-01-14T22:00:00,Machine 5,89.06,5.358,116.17,1532.7,22
2025-01-14T23:00:00,Machine 5,87.21,4.996,113.33,1513.6,21
2025-01-15T00:00:00,Machine 5,85.55,4.850,110.78,1496.5,22
2025-01-15T01:00:00,Machine 5,87.22,5.310,113.21,1512.6,22
2025-01-15T02:00:00,Machine 5,86.07,4.461,111.42,1500.6,22
2025-01-15T03:00:00,Machine 5,87.97,5.178,114.20,1519.0,22
2025-01-15T04:00:00,Machine 5,87.39,5.344,113.27,1512.6,25
2025-01-15T05:00:00,Machine 5,86.65,4.571,112.09,1504.6,22
2025-01-15T06:00:00,Machine 5,88.52,5.088,114.83,1522.8,22
2025-01-15T07:00:00,Machine 5,87.07,5.000,112.60,1507.8,22
2025-01-15T08:00:00,Machine 5,89.50,4.665,116.18,1531.5,22
2025-01-15T09:00:00,Machine 5,86.33,4.648,111.35,1499.2,22
2025-01-15T10:00:00,Machine 5,88.39,4.640,114.39,1519.3,22
2025-01-15T11:00:00,Machine 5,87.37,4.665,112.78,1508.5,24
2025-01-15T12:00:00,Machine 5,89.55,4.563,115.98,1529.7,22
2025-01-15T13:00:00,Machine 5,87.93,4.786,113.49,1513.0,22
2025-01-15T14:00:00,Machine 5,86.20,5.128,110.83,1495.1,23
2025-01-15T15:00:00,Machine 5,87.06,5.333,112.05,1503.1,22
2025-01-15T16:00:00,Machine 5,89.02,4.675,114.94,1522.2,24
2025-01-15T17:00:00,Machine 5,88.54,4.887,114.15,1516.9,22
2025-01-15T18:00:00,Machine 5,88.21,5.226,113.59,1513.0,25
2025-01-15T19:00:00,Machine 5,89.61,4.605,115.62,1526.4,24
2025-01-15T20:00:00,Machine 5,88.04,4.499,113.20,1510.2,25
2025-01-15T21:00:00,Machine 5,89.82,4.885,115.80,1527.4,25
2025-01-15T22:00:00,Machine 5,90.01,5.183,116.02,1528.7,22
2025-01-15T23:00:00,Machine 5,86.55,4.776,110.77,1493.6,24
2025-01-16T00:00:00,Machine 5,87.89,4.634,112.70,1506.4,21
2025-01-16T01:00:00,Machine 5,86.81,5.160,111.02,1495.0,23
2025-01-16T02:00:00,Machine 5,88.80,5.304,113.94,1514.4,23
2025-01-16T03:00:00,Machine 5,89.84,4.866,115.44,1524.2,22
2025-01-16T04:00:00,Machine 5,89.66,4.849,115.10,1521.9,24
2025-01-16T05:00:00,Machine 5,88.58,5.385,113.42,1510.5,23
2025-01-16T06:00:00,Machine 5,86.83,4.666,110.73,1492.5,21
2025-01-16T07:00:00,Machine 5,87.45,5.024,111.60,1498.1,23
2025-01-16T08:00:00,Machine 5,87.19,5.386,111.13,1494.9,22
2025-01-16T09:00:00,Machine 5,89.10,4.558,113.93,1513.4,22
2025-01-16T10:00:00,Machine 5,89.87,5.433,115.02,1520.5,23
2025-01-16T11:00:00,Machine 5,90.15,5.027,115.37,1522.8,23
2025-01-16T12:00:00,Machine 5,87.93,4.836,111.98,1500.0,24
2025-01-16T13:00:00,Machine 5,90.41,4.881,115.63,1524.3,21
2025-01-16T14:00:00,Machine 5,87.77,4.960,111.62,1497.4,23
2025-01-16T15:00:00,Machine 5,87.76,4.988,111.53,1496.7,22
2025-01-16T16:00:00,Machine 5,90.74,5.449,115.93,1525.9,23
2025-01-16T17:00:00,Machine 5,90.26,5.536,115.14,1520.5,23
2025-01-16T18:00:00,Machine 5,87.90,5.288,111.54,1496.3,21
2025-01-16T19:00:00,Machine 5,89.77,4.660,114.28,1514.5,21
2025-01-16T20:00:00,Machine 5,90.26,4.637,114.96,1518.9,24
2025-01-16T21:00:00,Machine 5,88.84,4.694,112.76,1504.1,23
2025-01-16T22:00:00,Machine 5,88.49,4.974,112.17,1500.1,23
2025-01-16T23:00:00,Machine 5,88.10,5.074,111.52,1495.6,21
2025-01-17T00:00:00,Machine 5,88.25,5.579,111.67,1496.5,21
2025-01-17T01:00:00,Machine 5,89.15,5.562,112.96,1504.9,23
2025-01-17T02:00:00,Machine 5,89.01,4.650,112.69,1503.0,21
2025-01-17T03:00:00,Machine 5,89.98,5.273,114.07,1512.1,23
2025-01-17T04:00:00,Machine 5,87.71,4.964,110.60,1488.8,23
2025-01-17T05:00:00,Machine 5,89.14,4.953,112.68,1502.6,24
2025-01-17T06:00:00,Machine 5,88.05,5.417,110.98,1491.1,22
2025-01-17T07:00:00,Machine 5,87.63,5.544,110.28,1486.4,22
2025-01-17T08:00:00,Machine 5,88.99,5.457,112.26,1499.4,24
2025-01-17T09:00:00,Machine 5,89.35,4.783,112.73,1502.4,20
2025-01-17T10:00:00,Machine 5,90.27,5.282,114.05,1511.1,22
2025-01-17T11:00:00,Machine 5,89.56,5.188,112.92,1503.4,23
2025-01-17T12:00:00,Machine 5,90.19,5.015,113.79,1509.1,21
2025-01-17T13:00:00,Machine 5,89.62,5.227,112.88,1502.9,23
2025-01-17T14:00:00,Machine 5,88.92,5.324,111.76,1495.3,22
2025-01-17T15:00:00,Machine 5,88.41,4.752,110.93,1489.6,23
2025-01-17T16:00:00,Machine 5,90.47,4.883,113.95,1509.7,21
2025-01-17T17:00:00,Machine 5,91.33,5.073,115.18,1517.8,23
2025-01-17T18:00:00,Machine 5,88.06,5.136,110.20,1484.4,23
2025-01-17T19:00:00,Machine 5,91.55,5.027,115.37,1518.8,23
2025-01-17T20:00:00,Machine 5,89.84,5.665,112.75,1501.2,20
2025-01-17T21:00:00,Machine 5,89.33,5.664,111.92,1495.5,23
2025-01-17T22:00:00,Machine 5,90.06,5.099,112.94,1502.2,23
2025-01-17T23:00:00,Machine 5,88.49,4.987,110.52,1485.9,24
2025-01-18T00:00:00,Machine 5,90.27,5.144,113.13,1503.2,22
2025-01-18T01:00:00,Machine 5,89.90,5.110,112.51,1498.9,22
2025-01-18T02:00:00,Machine 5,91.59,5.085,114.97,1515.2,24
2025-01-18T03:00:00,Machine 5,90.22,5.566,112.86,1501.0,20
2025-01-18T04:00:00,Machine 5,89.53,5.389,111.75,1493.5,23
2025-01-18T05:00:00,Machine 5,89.85,4.954,112.18,1496.2,20
2025-01-18T06:00:00,Machine 5,89.06,5.723,110.93,1487.8,22
2025-01-18T07:00:00,Machine 5,88.10,5.071,109.42,1477.6,22
2025-01-18T08:00:00,Machine 5,90.13,5.402,112.40,1497.3,20
2025-01-18T09:00:00,Machine 5,88.25,5.642,109.51,1477.9,24
2025-01-18T10:00:00,Machine 5,91.80,4.825,114.76,1512.8,22
2025-01-18T11:00:00,Machine 5,91.10,5.634,113.66,1505.3,20
2025-01-18T12:00:00,Machine 5,88.39,5.799,109.52,1477.6,22
2025-01-18T13:00:00,Machine 5,88.44,5.620,109.54,1477.6,21
2025-01-18T14:00:00,Machine 5,90.21,5.724,112.11,1494.7,22
2025-01-18T15:00:00,Machine 5,91.97,5.215,114.70,1511.8,21
2025-01-18T16:00:00,Machine 5,91.58,5.053,114.05,1507.3,23
2025-01-18T17:00:00,Machine 5,92.12,4.882,114.78,1512.1,23
2025-01-18T18:00:00,Machine 5,89.49,5.540,110.77,1485.2,20
2025-01-18T19:00:00,Machine 5,89.82,5.229,111.20,1488.0,21
2025-01-18T20:00:00,Machine 5,88.51,4.847,109.17,1474.3,20
2025-01-18T21:00:00,Machine 5,91.73,5.575,113.94,1505.9,21
2025-01-18T22:00:00,Machine 5,89.05,4.914,109.86,1478.6,20
2025-01-18T23:00:00,Machine 5,90.55,5.073,112.04,1493.1,21
2025-01-19T00:00:00,Machine 5,90.57,5.238,112.00,1492.7,21
2025-01-19T01:00:00,Machine 5,89.91,5.181,110.95,1485.5,22
2025-01-19T02:00:00,Machine 5,92.35,5.712,114.54,1509.3,21
2025-01-19T03:00:00,Machine 5,92.13,5.749,114.15,1506.6,23
2025-01-19T04:00:00,Machine 5,89.04,5.392,109.45,1475.2,23
2025-01-19T05:00:00,Machine 5,90.05,5.251,110.90,1484.7,21
2025-01-19T06:00:00,Machine 5,91.76,5.093,113.40,1501.3,20
2025-01-19T07:00:00,Machine 5,89.57,5.073,110.04,1478.8,22
2025-01-19T08:00:00,Machine 5,89.77,5.503,110.28,1480.2,22
2025-01-19T09:00:00,Machine 5,88.85,5.523,108.83,1470.4,23
2025-01-19T10:00:00,Machine 5,90.25,5.549,110.87,1483.9,20
2025-01-19T11:00:00,Machine 5,92.10,5.334,113.58,1501.8,23
2025-01-19T12:00:00,Machine 5,91.91,4.994,113.22,1499.3,20
2025-01-19T13:00:00,Machine 5,91.58,5.120,112.66,1495.5,21
2025-01-19T14:00:00,Machine 5,89.98,5.067,110.20,1478.9,21
2025-01-19T15:00:00,Machine 5,90.42,5.334,110.80,1482.8,22
2025-01-19T16:00:00,Machine 5,90.04,5.332,110.15,1478.4,20
2025-01-19T17:00:00,Machine 5,92.95,5.326,114.46,1507.0,20
2025-01-19T18:00:00,Machine 5,90.55,5.742,110.79,1482.4,20
2025-01-19T19:00:00,Machine 5,91.26,5.507,111.79,1488.9,20
2025-01-19T20:00:00,Machine 5,92.85,5.664,114.11,1504.3,21
2025-01-19T21:00:00,Machine 5,89.46,5.447,108.96,1469.8,20
2025-01-19T22:00:00,Machine 5,90.08,5.875,109.83,1475.4,21
2025-01-19T23:00:00,Machine 5,89.76,5.373,109.27,1471.6,21
2025-01-20T00:00:00,Machine 5,90.93,5.146,110.97,1482.8,21
2025-01-20T01:00:00,Machine 5,92.77,5.856,113.66,1500.6,20
2025-01-20T02:00:00,Machine 5,91.01,5.275,110.95,1482.4,23
2025-01-20T03:00:00,Machine 5,89.63,5.627,108.82,1468.1,19
2025-01-20T04:00:00,Machine 5,91.33,5.801,111.31,1484.6,21
2025-01-20T05:00:00,Machine 5,92.17,5.956,112.49,1492.3,23
2025-01-20T06:00:00,Machine 5,91.04,5.760,110.75,1480.6,21
2025-01-20T07:00:00,Machine 5,92.37,5.980,112.66,1493.2,19
2025-01-20T08:00:00,Machine 5,90.00,5.793,109.04,1469.0,23
2025-01-20T09:00:00,Machine 5,91.55,5.405,111.31,1484.0,22
2025-01-20T10:00:00,Machine 5,92.01,5.977,111.94,1488.0,21
2025-01-20T11:00:00,Machine 5,90.41,5.191,109.46,1471.4,22
2025-01-20T12:00:00,Machine 5,92.95,5.412,113.21,1496.2,21
2025-01-20T13:00:00,Machine 5,93.37,5.328,113.78,1499.9,20
2025-01-20T14:00:00,Machine 5,93.17,5.984,113.41,1497.3,21
2025-01-20T15:00:00,Machine 5,92.27,5.925,111.99,1487.7,22
2025-01-20T16:00:00,Machine 5,91.33,5.181,110.51,1477.8,22
2025-01-20T17:00:00,Machine 5,92.07,5.979,111.56,1484.6,19
2025-01-20T18:00:00,Machine 5,92.48,6.004,112.12,1488.2,22
2025-01-20T19:00:00,Machine 5,93.37,5.856,113.38,1496.5,21
2025-01-20T20:00:00,Machine 5,93.26,5.696,113.16,1494.9,22
2025-01-20T21:00:00,Machine 5,93.82,5.639,113.92,1499.8,22
2025-01-20T22:00:00,Machine 5,92.33,5.811,111.62,1484.4,19
2025-01-20T23:00:00,Machine 5,93.05,5.097,112.64,1491.1,19
2025-01-21T00:00:00,Machine 5,91.86,5.632,110.79,1478.6,19
2025-01-21T01:00:00,Machine 5,93.04,5.716,112.49,1489.8,20
2025-01-21T02:00:00,Machine 5,92.53,5.465,111.66,1484.2,20
2025-01-21T03:00:00,Machine 5,92.68,5.720,111.82,1485.1,20
2025-01-21T04:00:00,Machine 5,92.81,5.485,111.95,1485.8,21
2025-01-21T05:00:00,Machine 5,90.58,5.377,108.54,1463.0,21
2025-01-21T06:00:00,Machine 5,91.59,6.100,110.00,1472.6,19
2025-01-21T07:00:00,Machine 5,90.69,5.779,108.57,1462.9,21
2025-01-21T08:00:00,Machine 5,93.01,5.330,111.99,1485.6,20
2025-01-21T09:00:00,Machine 5,91.26,6.075,109.30,1467.6,22
2025-01-21T10:00:00,Machine 5,94.04,5.470,113.40,1494.8,21
2025-01-21T11:00:00,Machine 5,90.35,5.691,107.81,1457.4,21
2025-01-21T12:00:00,Machine 5,90.42,5.499,107.85,1457.5,19
2025-01-21T13:00:00,Machine 5,93.28,6.076,112.07,1485.5,19
2025-01-21T14:00:00,Machine 5,93.46,5.767,112.27,1486.7,22
2025-01-21T15:00:00,Machine 5,93.26,5.448,111.90,1484.1,20
2025-01-21T16:00:00,Machine 5,93.83,5.266,112.70,1489.3,19
2025-01-21T17:00:00,Machine 5,94.19,6.156,113.17,1492.4,22
2025-01-21T18:00:00,Machine 5,93.92,5.477,112.69,1489.0,22
2025-01-21T19:00:00,Machine 5,94.08,5.437,112.88,1490.1,22
2025-01-21T20:00:00,Machine 5,93.99,5.701,112.67,1488.6,20
2025-01-21T21:00:00,Machine 5,93.28,6.021,111.54,1481.0,20
2025-01-21T22:00:00,Machine 5,93.03,5.851,111.10,1477.9,19
2025-01-21T23:00:00,Machine 5,91.95,6.049,109.41,1466.5,19
2025-01-22T00:00:00,Machine 5,93.99,5.611,112.41,1486.4,21
2025-01-22T01:00:00,Machine 5,91.52,5.438,108.64,1461.1,18
2025-01-22T02:00:00,Machine 5,92.66,5.298,110.28,1472.0,19
2025-01-22T03:00:00,Machine 5,92.84,5.626,110.49,1473.2,19
2025-01-22T04:00:00,Machine 5,91.74,5.289,108.78,1461.7,21
2025-01-22T05:00:00,Machine 5,91.09,5.886,107.73,1454.5,20
2025-01-22T06:00:00,Machine 5,92.37,6.207,109.59,1466.8,21
2025-01-22T07:00:00,Machine 5,92.18,6.158,109.23,1464.3,18
2025-01-22T08:00:00,Machine 5,91.31,5.340,107.87,1455.1,19
2025-01-22T09:00:00,Machine 5,91.76,5.623,108.48,1459.1,20
2025-01-22T10:00:00,Machine 5,92.72,5.281,109.84,1468.0,22
2025-01-22T11:00:00,Machine 5,93.20,5.648,110.51,1472.3,21
2025-01-22T12:00:00,Machine 5,92.79,5.472,109.82,1467.7,20
2025-01-22T13:00:00,Machine 5,93.91,5.831,111.43,1478.2,18
2025-01-22T14:00:00,Machine 5,93.05,5.434,110.08,1469.1,21
2025-01-22T15:00:00,Machine 5,93.57,6.235,110.79,1473.7,20
2025-01-22T16:00:00,Machine 5,93.41,6.264,110.49,1471.6,21
2025-01-22T17:00:00,Machine 5,91.81,5.621,108.02,1455.0,20
2025-01-22T18:00:00,Machine 5,92.75,5.581,109.37,1463.9,21
2025-01-22T19:00:00,Machine 5,93.51,6.131,110.45,1470.9,22
2025-01-22T20:00:00,Machine 5,94.84,5.610,112.37,1483.6,20
2025-01-22T21:00:00,Machine 5,92.00,6.124,108.04,1454.7,20
2025-01-22T22:00:00,Machine 5,93.51,5.640,110.24,1469.2,18
2025-01-22T23:00:00,Machine 5,94.77,5.450,112.07,1481.3,19
2025-01-23T00:00:00,Machine 5,95.41,5.884,112.97,1487.1,18
2025-01-23T01:00:00,Machine 5,95.17,5.517,112.54,1484.1,19
2025-01-23T02:00:00,Machine 5,94.77,5.771,111.88,1479.6,19
2025-01-23T03:00:00,Machine 5,94.89,6.007,111.99,1480.2,20
2025-01-23T04:00:00,Machine 5,91.77,5.981,107.25,1448.5,18
2025-01-23T05:00:00,Machine 5,92.60,6.264,108.42,1456.2,21
2025-01-23T06:00:00,Machine 5,92.29,5.441,107.89,1452.5,21
2025-01-23T07:00:00,Machine 5,93.46,6.045,109.58,1463.7,19
2025-01-23T08:00:00,Machine 5,93.05,5.618,108.90,1459.0,18
2025-01-23T09:00:00,Machine 5,95.32,5.634,112.24,1481.1,20
2025-01-23T10:00:00,Machine 5,92.98,5.906,108.67,1457.2,18
2025-01-23T11:00:00,Machine 5,93.64,5.491,109.59,1463.2,19
2025-01-23T12:00:00,Machine 5,92.12,5.564,107.24,1447.4,19
2025-01-23T13:00:00,Machine 5,95.47,5.880,112.19,1480.3,18
2025-01-23T14:00:00,Machine 5,94.52,5.917,110.71,1470.3,18
2025-01-23T15:00:00,Machine 5,94.11,5.667,110.03,1465.7,21
2025-01-23T16:00:00,Machine 5,95.13,5.873,111.50,1475.3,20
2025-01-23T17:00:00,Machine 5,92.83,6.103,107.97,1451.7,19
2025-01-23T18:00:00,Machine 5,93.09,5.626,108.30,1453.7,20
2025-01-23T19:00:00,Machine 5,95.00,5.839,111.10,1472.3,20
2025-01-23T20:00:00,Machine 5,93.99,5.982,109.52,1461.6,19
2025-01-23T21:00:00,Machine 5,93.48,5.748,108.70,1456.0,21
2025-01-23T22:00:00,Machine 5,92.35,5.921,106.94,1444.2,19
2025-01-23T23:00:00,Machine 5,95.27,6.174,111.25,1472.8,19
2025-01-24T00:00:00,Machine 5,94.55,6.067,110.09,1465.0,20
2025-01-24T01:00:00,Machine 5,92.79,6.097,107.39,1446.8,19
2025-01-24T02:00:00,Machine 5,96.15,6.014,112.37,1479.9,20
2025-01-24T03:00:00,Machine 5,93.50,5.739,108.33,1452.8,20
2025-01-24T04:00:00,Machine 5,92.94,6.034,107.42,1446.7,19
2025-01-24T05:00:00,Machine 5,95.16,6.210,110.69,1468.3,20
2025-01-24T06:00:00,Machine 5,96.08,6.144,112.01,1477.0,20
2025-01-24T07:00:00,Machine 5,92.72,6.106,106.90,1442.8,20
2025-01-24T08:00:00,Machine 5,93.60,5.795,108.15,1451.0,19
2025-01-24T09:00:00,Machine 5,92.56,6.398,106.52,1440.0,21
2025-01-24T10:00:00,Machine 5,94.75,6.336,109.75,1461.4,20
2025-01-24T11:00:00,Machine 5,93.20,5.720,107.35,1445.3,18
2025-01-24T12:00:00,Machine 5,95.33,6.403,110.49,1466.1,18
2025-01-24T13:00:00,Machine 5,93.46,5.977,107.62,1446.8,17
2025-01-24T14:00:00,Machine 5,95.59,5.636,110.75,1467.6,20
2025-01-24T15:00:00,Machine 5,93.31,5.821,107.26,1444.2,19
2025-01-24T16:00:00,Machine 5,94.54,6.453,109.03,1455.9,19
2025-01-24T17:00:00,Machine 5,94.84,6.255,109.41,1458.3,17
2025-01-24T18:00:00,Machine 5,94.75,5.601,109.21,1456.8,19
2025-01-24T19:00:00,Machine 5,93.62,5.590,107.46,1445.0,20
2025-01-24T20:00:00,Machine 5,93.63,6.178,107.40,1444.5,18
2025-01-24T21:00:00,Machine 5,96.56,5.813,111.73,1473.3,19
2025-01-24T22:00:00,Machine 5,95.88,5.855,110.65,1465.9,20
2025-01-24T23:00:00,Machine 5,94.18,6.229,108.03,1448.4,20
2025-01-25T00:00:00,Machine 5,95.78,5.979,110.38,1463.8,18
2025-01-25T01:00:00,Machine 5,96.01,6.221,110.65,1465.6,18
2025-01-25T02:00:00,Machine 5,95.83,5.658,110.32,1463.2,20
2025-01-25T03:00:00,Machine 5,95.73,6.474,110.09,1461.6,20
2025-01-25T04:00:00,Machine 5,95.08,6.218,109.06,1454.6,18
2025-01-25T05:00:00,Machine 5,94.47,6.125,108.07,1447.8,17
2025-01-25T06:00:00,Machine 5,93.32,5.636,106.28,1435.8,18
2025-01-25T07:00:00,Machine 5,94.52,6.073,108.03,1447.3,17
2025-01-25T08:00:00,Machine 5,94.81,6.004,108.39,1449.6,17
2025-01-25T09:00:00,Machine 5,96.91,6.307,111.48,1470.1,19
2025-01-25T10:00:00,Machine 5,96.00,5.886,110.05,1460.4,18
2025-01-25T11:00:00,Machine 5,93.43,6.047,106.13,1434.1,19
2025-01-25T12:00:00,Machine 5,94.33,5.684,107.41,1442.6,19
2025-01-25T13:00:00,Machine 5,94.01,6.460,106.86,1438.8,17
2025-01-25T14:00:00,Machine 5,95.13,6.409,108.47,1449.4,19
2025-01-25T15:00:00,Machine 5,96.81,6.541,110.92,1465.6,17
2025-01-25T16:00:00,Machine 5,97.05,5.980,111.22,1467.5,20
2025-01-25T17:00:00,Machine 5,95.56,6.363,108.92,1452.0,17
2025-01-25T18:00:00,Machine 5,97.37,6.424,111.58,1469.6,20
2025-01-25T19:00:00,Machine 5,94.11,6.418,106.61,1436.4,18
2025-01-25T20:00:00,Machine 5,94.01,5.713,106.40,1434.8,17
2025-01-25T21:00:00,Machine 5,95.06,6.400,107.91,1444.8,19
2025-01-25T22:00:00,Machine 5,94.26,6.451,106.64,1436.2,20
2025-01-25T23:00:00,Machine 5,95.92,6.094,109.07,1452.2,18
2025-01-26T00:00:00,Machine 5,94.94,6.316,107.53,1441.9,19
2025-01-26T01:00:00,Machine 5,94.92,6.696,107.44,1441.2,17
2025-01-26T02:00:00,Machine 5,95.86,6.104,108.78,1449.9,19
2025-01-26T03:00:00,Machine 5,94.54,6.218,106.74,1436.2,17
2025-01-26T04:00:00,Machine 5,94.26,6.478,106.25,1432.9,18
2025-01-26T05:00:00,Machine 5,95.93,6.336,108.69,1449.0,19
2025-01-26T06:00:00,Machine 5,97.52,6.543,111.00,1464.3,18
2025-01-26T07:00:00,Machine 5,94.12,6.676,105.85,1429.8,17
2025-01-26T08:00:00,Machine 5,95.56,6.171,107.93,1443.6,19
2025-01-26T09:00:00,Machine 5,97.00,5.789,110.03,1457.4,17
2025-01-26T10:00:00,Machine 5,96.50,5.804,109.22,1451.9,19
2025-01-26T11:00:00,Machine 5,97.38,6.282,110.48,1460.2,20
2025-01-26T12:00:00,Machine 5,97.48,6.444,110.56,1460.6,17
2025-01-26T13:00:00,Machine 5,96.22,6.762,108.61,1447.4,18
2025-01-26T14:00:00,Machine 5,95.52,6.698,107.49,1439.8,17
2025-01-26T15:00:00,Machine 5,96.01,6.628,108.16,1444.2,19
2025-01-26T16:00:00,Machine 5,97.65,6.536,110.55,1460.0,18
2025-01-26T17:00:00,Machine 5,98.14,5.864,111.22,1464.3,18
2025-01-26T18:00:00,Machine 5,96.50,6.470,108.70,1447.4,17
2025-01-26T19:00:00,Machine 5,96.87,6.150,109.19,1450.5,18
2025-01-26T20:00:00,Machine 5,98.31,6.709,111.28,1464.4,18
2025-01-26T21:00:00,Machine 5,95.39,6.761,106.83,1434.6,18
2025-01-26T22:00:00,Machine 5,96.17,6.785,107.94,1441.8,19
2025-01-26T23:00:00,Machine 5,96.49,6.674,108.34,1444.4,17
2025-01-27T00:00:00,Machine 5,96.50,5.848,108.30,1444.0,18
2025-01-27T01:00:00,Machine 5,97.14,6.345,109.20,1449.9,17
2025-01-27T02:00:00,Machine 5,96.65,6.044,108.39,1444.3,16
2025-01-27T03:00:00,Machine 5,97.85,6.647,110.12,1455.8,19
2025-01-27T04:00:00,Machine 5,96.70,6.191,108.33,1443.7,19
2025-01-27T05:00:00,Machine 5,95.67,6.174,106.73,1432.9,18
2025-01-27T06:00:00,Machine 5,98.60,6.066,111.06,1461.7,18
2025-01-27T07:00:00,Machine 5,98.51,5.936,110.85,1460.1,17
2025-01-27T08:00:00,Machine 5,96.82,6.816,108.26,1442.7,16
2025-01-27T09:00:00,Machine 5,97.06,6.551,108.54,1444.5,16
2025-01-27T10:00:00,Machine 5,96.22,6.491,107.22,1435.6,16
2025-01-27T11:00:00,Machine 5,98.06,6.856,109.92,1453.4,17
2025-01-27T12:00:00,Machine 5,96.11,6.337,106.93,1433.4,18
2025-01-27T13:00:00,Machine 5,96.80,6.260,107.89,1439.7,17
2025-01-27T14:00:00,Machine 5,97.81,6.858,109.35,1449.2,18
2025-01-27T15:00:00,Machine 5,95.39,6.452,105.65,1424.5,18
2025-01-27T16:00:00,Machine 5,97.22,6.003,108.32,1442.2,16
2025-01-27T17:00:00,Machine 5,98.94,6.299,110.85,1458.9,17
2025-01-27T18:00:00,Machine 5,95.50,6.163,105.62,1423.9,19
2025-01-27T19:00:00,Machine 5,96.39,6.297,106.88,1432.2,18
2025-01-27T20:00:00,Machine 5,98.00,6.322,109.24,1447.7,16
2025-01-27T21:00:00,Machine 5,98.15,6.104,109.40,1448.7,17
2025-01-27T22:00:00,Machine 5,96.24,6.497,106.47,1429.0,17
2025-01-27T23:00:00,Machine 5,96.62,5.938,106.97,1432.3,19
2025-01-28T00:00:00,Machine 5,96.34,6.454,106.48,1428.9,16
2025-01-28T01:00:00,Machine 5,99.10,6.156,110.56,1455.9,16
2025-01-28T02:00:00,Machine 5,98.10,5.960,108.99,1445.3,15
2025-01-28T03:00:00,Machine 5,97.47,6.129,107.98,1438.5,16
2025-01-28T04:00:00,Machine 5,97.52,6.680,108.00,1438.5,16
2025-01-28T05:00:00,Machine 5,96.57,6.088,106.50,1428.4,17
2025-01-28T06:00:00,Machine 5,98.08,6.932,108.71,1443.0,15
2025-01-28T07:00:00,Machine 5,96.00,6.933,105.52,1421.6,17
2025-01-28T08:00:00,Machine 5,98.32,6.808,108.93,1444.2,18
2025-01-28T09:00:00,Machine 5,96.26,6.123,105.78,1423.1,19
2025-01-28T10:00:00,Machine 5,96.79,6.939,106.51,1427.8,19
2025-01-28T11:00:00,Machine 5,99.27,6.539,110.16,1452.0,17
2025-01-28T12:00:00,Machine 5,97.20,6.872,106.99,1430.8,18
2025-01-28T13:00:00,Machine 5,98.10,6.384,108.27,1439.2,16
2025-01-28T14:00:00,Machine 5,97.23,6.368,106.89,1429.9,17
2025-01-28T15:00:00,Machine 5,96.05,6.053,105.07,1417.6,18
2025-01-28T16:00:00,Machine 5,96.32,6.744,105.41,1419.7,16
2025-01-28T17:00:00,Machine 5,99.03,6.423,109.41,1446.3,16
2025-01-28T18:00:00,Machine 5,99.32,6.051,109.78,1448.6,18
2025-01-28T19:00:00,Machine 5,98.45,6.408,108.40,1439.3,15
2025-01-28T20:00:00,Machine 5,98.17,6.906,107.92,1435.9,16
2025-01-28T21:00:00,Machine 5,97.88,6.774,107.42,1432.5,18
2025-01-28T22:00:00,Machine 5,96.49,6.748,105.27,1418.1,16
2025-01-28T23:00:00,Machine 5,99.74,6.549,110.07,1449.9,15
2025-01-29T00:00:00,Machine 5,99.60,6.355,109.80,1448.0,18
2025-01-29T01:00:00,Machine 5,98.57,6.982,108.19,1437.1,17
2025-01-29T02:00:00,Machine 5,98.93,6.724,108.67,1440.2,16
2025-01-29T03:00:00,Machine 5,99.44,6.782,109.37,1444.8,16
2025-01-29T04:00:00,Machine 5,98.36,6.282,107.67,1433.3,15
2025-01-29T05:00:00,Machine 5,96.63,6.120,105.02,1415.5,16
2025-01-29T06:00:00,Machine 5,99.37,6.350,109.06,1442.3,18
2025-01-29T07:00:00,Machine 5,98.81,6.184,108.15,1436.1,17
2025-01-29T08:00:00,Machine 5,100.06,6.470,109.97,1448.1,17
2025-01-29T09:00:00,Machine 5,99.67,6.556,109.31,1443.6,17
2025-01-29T10:00:00,Machine 5,99.85,6.144,109.52,1444.9,18
2025-01-29T11:00:00,Machine 5,100.22,6.548,110.01,1448.0,17
2025-01-29T12:00:00,Machine 5,98.34,6.909,107.13,1428.7,17
2025-01-29T13:00:00,Machine 5,99.54,7.060,108.85,1440.1,17
2025-01-29T14:00:00,Machine 5,99.77,6.473,109.14,1441.9,17
2025-01-29T15:00:00,Machine 5,99.84,6.621,109.17,1441.9,18
2025-01-29T16:00:00,Machine 5,97.97,6.449,106.31,1422.7,15
2025-01-29T17:00:00,Machine 5,98.05,6.255,106.36,1422.9,16
2025-01-29T18:00:00,Machine 5,100.12,7.144,109.40,1443.1,18
2025-01-29T19:00:00,Machine 5,96.83,6.463,104.39,1409.6,17
2025-01-29T20:00:00,Machine 5,100.03,6.741,109.13,1441.0,17
2025-01-29T21:00:00,Machine 5,98.54,6.559,106.84,1425.6,16
2025-01-29T22:00:00,Machine 5,98.21,7.064,106.27,1421.7,15
2025-01-29T23:00:00,Machine 5,99.37,6.684,107.95,1432.8,15
2025-01-30T00:00:00,Machine 5,97.16,6.556,104.56,1410.1,16
2025-01-30T01:00:00,Machine 5,100.31,6.312,109.23,1441.1,18
2025-01-30T02:00:00,Machine 5,99.77,7.005,108.35,1435.1,18
2025-01-30T03:00:00,Machine 5,100.26,6.521,109.02,1439.4,17
2025-01-30T04:00:00,Machine 5,100.79,6.870,109.75,1444.1,16
2025-01-30T05:00:00,Machine 5,99.07,7.083,107.10,1426.4,18
2025-01-30T06:00:00,Machine 5,97.25,6.782,104.31,1407.7,17
2025-01-30T07:00:00,Machine 5,98.40,6.328,105.97,1418.6,16
2025-01-30T08:00:00,Machine 5,99.25,6.250,107.18,1426.5,16
2025-01-30T09:00:00,Machine 5,97.22,6.834,104.07,1405.7,17
2025-01-30T10:00:00,Machine 5,98.74,7.023,106.28,1420.3,15
2025-01-30T11:00:00,Machine 5,100.55,7.225,108.92,1437.8,18
2025-01-30T12:00:00,Machine 5,98.90,6.594,106.38,1420.7,18
2025-01-30T13:00:00,Machine 5,100.65,6.293,108.94,1437.7,18
2025-01-30T14:00:00,Machine 5,99.55,6.403,107.24,1426.2,18
2025-01-30T15:00:00,Machine 5,98.05,6.551,104.92,1410.6,17
2025-01-30T16:00:00,Machine 5,99.20,6.651,106.58,1421.5,16
2025-01-30T17:00:00,Machine 5,97.42,6.603,103.84,1403.1,16
2025-01-30T18:00:00,Machine 5,98.45,7.135,105.32,1412.9,15
2025-01-30T19:00:00,Machine 5,100.71,7.270,108.65,1434.9,15
2025-01-30T20:00:00,Machine 5,97.50,6.646,103.77,1402.3,18
2025-01-30T21:00:00,Machine 5,98.72,6.357,105.53,1413.9,18
2025-01-30T22:00:00,Machine 5,98.31,7.225,104.84,1409.2,16
2025-01-30T23:00:00,Machine 5,97.54,6.696,103.62,1400.9,16
